MonNode,TimeSlot,UNITT,UNITS,COUNTER,FltMet1,FltMet2,Rat1,Rat2,Method,Year(4 digit),Year(2 digit),Month,Day of the Year,Day of the Month,Day of the Week,Time Hour,Time Minute,Time Seconds
\IRFORE,2020-01-11 00:00:00,0,10,103941568,49,17,245.52,707.66,LIN_CNT2,2020,20,1,11,11,6,0,0,0
\IRFORE,2020-01-12 00:00:00,0,10,73507323,48,12,177.25,708.98,LIN_CNT2,2020,20,1,12,12,7,0,0,0
\IRFORE,2020-01-13 00:00:00,0,10,94419720,47,17,232.52,642.84,LIN_CNT2,2020,20,1,13,13,1,0,0,0
\IRFORE,2020-01-14 00:00:00,0,10,85120726,47,16,209.62,615.75,LIN_CNT2,2020,20,1,14,14,2,0,0,0
\IRFORE,2020-01-15 00:00:00,0,10,88589268,53,17,193.46,603.14,LIN_CNT2,2020,20,1,15,15,3,0,0,0
\IRFORE,2020-01-16 00:00:00,0,10,91651080,60,17,176.80,623.99,LIN_CNT2,2020,20,1,16,16,4,0,0,0
\IRFORE,2020-01-17 00:00:00,0,10,96103817,54,19,205.98,585.43,LIN_CNT2,2020,20,1,17,17,5,0,0,0
\IRFORE,2020-01-18 00:00:00,0,10,104772800,49,18,247.48,673.69,LIN_CNT2,2020,20,1,18,18,6,0,0,0
\IRFORE,2020-01-19 00:00:00,0,10,74375981,42,14,204.96,614.88,LIN_CNT2,2020,20,1,19,19,7,0,0,0
\IRFORE,2020-01-20 00:00:00,0,10,94026075,50,17,217.65,640.16,LIN_CNT2,2020,20,1,20,20,1,0,0,0
\IRFORE,2020-01-21 00:00:00,0,10,85131849,50,16,197.06,615.83,LIN_CNT2,2020,20,1,21,21,2,0,0,0
\IRFORE,2020-01-22 00:00:00,0,10,84784052,46,16,213.33,613.31,LIN_CNT2,2020,20,1,22,22,3,0,0,0
\IRFORE,2020-01-23 00:00:00,0,10,88454084,48,16,213.29,639.86,LIN_CNT2,2020,20,1,23,23,4,0,0,0
\IRFORE,2020-01-24 00:00:00,0,10,94174053,51,19,213.72,573.67,LIN_CNT2,2020,20,1,24,24,5,0,0,0
\IRFORE,2020-01-25 00:00:00,0,10,104708983,50,18,242.38,673.28,LIN_CNT2,2020,20,1,25,25,6,0,0,0
\IRFORE,2020-01-26 00:00:00,0,10,75483741,44,14,198.56,624.04,LIN_CNT2,2020,20,1,26,26,7,0,0,0
\IRFORE,2020-01-27 00:00:00,0,10,95020156,43,16,255.76,687.36,LIN_CNT2,2020,20,1,27,27,1,0,0,0
\IRFORE,2020-01-28 00:00:00,0,10,83700832,47,15,206.12,645.84,LIN_CNT2,2020,20,1,28,28,2,0,0,0
\IRFORE,2020-01-29 00:00:00,0,10,84666125,46,15,213.03,653.29,LIN_CNT2,2020,20,1,29,29,3,0,0,0
\IRFORE,2020-01-30 00:00:00,0,10,87275140,47,16,214.92,631.33,LIN_CNT2,2020,20,1,30,30,4,0,0,0
\IRFORE,2020-01-31 00:00:00,0,10,99711351,54,20,213.72,577.03,LIN_CNT2,2020,20,1,31,31,5,0,0,0
\IRFORE,2020-02-01 00:00:00,0,10,115812426,53,19,252.91,705.49,LIN_CNT2,2020,20,2,32,1,6,0,0,0
\IRFORE,2020-02-02 00:00:00,0,10,82661750,45,14,212.61,683.38,LIN_CNT2,2020,20,2,33,2,7,0,0,0
\IRFORE,2020-02-03 00:00:00,0,10,106968630,49,19,252.67,651.61,LIN_CNT2,2020,20,2,34,3,1,0,0,0
\IRFORE,2020-02-04 00:00:00,0,10,95654547,54,17,205.02,651.24,LIN_CNT2,2020,20,2,35,4,2,0,0,0
\IRFORE,2020-02-05 00:00:00,0,10,93387136,49,17,220.59,635.81,LIN_CNT2,2020,20,2,36,5,3,0,0,0
\IRFORE,2020-02-06 00:00:00,0,10,94397617,50,17,218.51,642.69,LIN_CNT2,2020,20,2,37,6,4,0,0,0
\IRFORE,2020-02-07 00:00:00,0,10,100154600,50,20,231.84,579.60,LIN_CNT2,2020,20,2,38,7,5,0,0,0
\IRFORE,2020-02-08 00:00:00,0,10,110157454,49,19,260.20,671.04,LIN_CNT2,2020,20,2,39,8,6,0,0,0
\IRFORE,2020-02-09 00:00:00,0,10,79633806,44,15,209.47,614.46,LIN_CNT2,2020,20,2,40,9,7,0,0,0
\IRFORE,2020-02-10 00:00:00,0,10,98605855,48,17,237.76,671.34,LIN_CNT2,2020,20,2,41,10,1,0,0,0
\IRFORE,2020-02-11 00:00:00,0,10,88319057,48,17,212.96,601.30,LIN_CNT2,2020,20,2,42,11,2,0,0,0
\IRFORE,2020-02-12 00:00:00,0,10,89023188,49,17,210.28,606.09,LIN_CNT2,2020,20,2,43,12,3,0,0,0
\IRFORE,2020-02-13 00:00:00,0,10,92555795,49,17,218.62,630.15,LIN_CNT2,2020,20,2,44,13,4,0,0,0
\IRFORE,2020-02-14 00:00:00,0,10,104846879,56,21,216.70,577.86,LIN_CNT2,2020,20,2,45,14,5,0,0,0
\IRFORE,2020-02-15 00:00:00,0,10,116509492,49,19,275.20,709.73,LIN_CNT2,2020,20,2,46,15,6,0,0,0
\IRFORE,2020-02-16 00:00:00,0,10,79263283,43,14,213.35,655.29,LIN_CNT2,2020,20,2,47,16,7,0,0,0
\IRFORE,2020-02-17 00:00:00,0,10,99658231,47,17,245.42,678.50,LIN_CNT2,2020,20,2,48,17,1,0,0,0
\IRFORE,2020-02-18 00:00:00,0,10,87439441,51,16,198.44,632.52,LIN_CNT2,2020,20,2,49,18,2,0,0,0
\IRFORE,2020-02-19 00:00:00,0,10,86434304,54,17,185.26,588.47,LIN_CNT2,2020,20,2,50,19,3,0,0,0
\IRFORE,2020-02-20 00:00:00,0,10,93363492,52,18,207.81,600.33,LIN_CNT2,2020,20,2,51,20,4,0,0,0
\IRFORE,2020-02-21 00:00:00,0,10,101348468,52,20,225.58,586.51,LIN_CNT2,2020,20,2,52,21,5,0,0,0
\IRFORE,2020-02-22 00:00:00,0,10,108285804,59,18,212.43,696.28,LIN_CNT2,2020,20,2,53,22,6,0,0,0
\IRFORE,2020-02-23 00:00:00,0,10,78796784,44,14,207.27,651.43,LIN_CNT2,2020,20,2,54,23,7,0,0,0
\IRFORE,2020-02-24 00:00:00,0,10,97223383,47,16,239.42,703.29,LIN_CNT2,2020,20,2,55,24,1,0,0,0
\IRFORE,2020-02-25 00:00:00,0,10,79377620,56,15,164.06,612.48,LIN_CNT2,2020,20,2,56,25,2,0,0,0
\IRFORE,2020-02-26 00:00:00,0,10,84842874,47,16,208.93,613.74,LIN_CNT2,2020,20,2,57,26,3,0,0,0
\IRFORE,2020-02-27 00:00:00,0,10,94995956,49,17,224.39,646.76,LIN_CNT2,2020,20,2,58,27,4,0,0,0
\IRFORE,2020-02-28 00:00:00,0,10,104647707,56,21,216.29,576.76,LIN_CNT2,2020,20,2,59,28,5,0,0,0
\IRFORE,2020-02-29 00:00:00,0,10,120850648,46,15,304.07,932.49,LIN_CNT2,2020,20,2,60,29,6,0,0,0
\IRFORE,2020-03-01 00:00:00,0,10,87031762,47,16,214.32,629.57,LIN_CNT2,2020,20,3,61,1,7,0,0,0
\IRFORE,2020-03-02 00:00:00,0,10,110937194,53,19,242.26,675.79,LIN_CNT2,2020,20,3,62,2,1,0,0,0
\IRFORE,2020-03-03 00:00:00,0,10,98916923,57,19,200.85,602.56,LIN_CNT2,2020,20,3,63,3,2,0,0,0
\IRFORE,2020-03-04 00:00:00,0,10,102490120,60,18,197.70,659.02,LIN_CNT2,2020,20,3,64,4,3,0,0,0
\IRFORE,2020-03-05 00:00:00,0,10,100706636,59,20,197.56,582.79,LIN_CNT2,2020,20,3,65,5,4,0,0,0
\IRFORE,2020-03-06 00:00:00,0,10,106982983,63,22,196.54,562.83,LIN_CNT2,2020,20,3,66,6,5,0,0,0
\IRFORE,2020-03-07 00:00:00,0,10,117413998,64,22,212.34,617.71,LIN_CNT2,2020,20,3,67,7,6,0,0,0
\IRFORE,2020-03-08 00:00:00,0,10,82618078,48,17,199.21,562.49,LIN_CNT2,2020,20,3,68,8,7,0,0,0
\IRFORE,2020-03-09 00:00:00,0,10,103608538,49,19,244.73,631.14,LIN_CNT2,2020,20,3,68,9,1,0,0,0
\IRFORE,2020-03-10 00:00:00,0,10,91298627,52,18,203.21,587.05,LIN_CNT2,2020,20,3,69,10,2,0,0,0
\IRFORE,2020-03-11 00:00:00,0,10,92363348,55,18,194.37,593.90,LIN_CNT2,2020,20,3,70,11,3,0,0,0
\IRFORE,2020-03-12 00:00:00,0,10,94614974,59,19,185.61,576.36,LIN_CNT2,2020,20,3,71,12,4,0,0,0
\IRFORE,2020-03-13 00:00:00,0,10,105066572,59,22,206.11,552.75,LIN_CNT2,2020,20,3,72,13,5,0,0,0
\IRFORE,2020-03-14 00:00:00,0,10,116470934,59,20,228.48,674.02,LIN_CNT2,2020,20,3,73,14,6,0,0,0
\IRFORE,2020-03-15 00:00:00,0,10,81034649,46,15,203.89,625.27,LIN_CNT2,2020,20,3,74,15,7,0,0,0
\IRFORE,2020-03-16 00:00:00,0,10,97396267,49,18,230.06,626.26,LIN_CNT2,2020,20,3,75,16,1,0,0,0
\IRFORE,2020-03-17 00:00:00,0,10,87604652,57,18,177.88,563.30,LIN_CNT2,2020,20,3,76,17,2,0,0,0
\IRFORE,2020-03-18 00:00:00,0,10,81874427,51,16,185.81,592.26,LIN_CNT2,2020,20,3,77,18,3,0,0,0
\IRFORE,2020-03-19 00:00:00,0,10,79583947,45,15,204.69,614.07,LIN_CNT2,2020,20,3,78,19,4,0,0,0
\IRFORE,2020-03-20 00:00:00,0,10,83311133,50,17,192.85,567.21,LIN_CNT2,2020,20,3,79,20,5,0,0,0
\IRFORE,2020-03-21 00:00:00,0,10,87082558,67,14,150.43,719.93,LIN_CNT2,2020,20,3,80,21,6,0,0,0
\IRFORE,2020-03-22 00:00:00,0,10,54996304,36,8,176.81,795.66,LIN_CNT2,2020,20,3,81,22,7,0,0,0
\IRFORE,2020-03-23 00:00:00,0,10,70490954,43,13,189.74,627.59,LIN_CNT2,2020,20,3,82,23,1,0,0,0
\IRFORE,2020-03-24 00:00:00,0,10,62259338,43,12,167.58,600.50,LIN_CNT2,2020,20,3,83,24,2,0,0,0
\IRFORE,2020-03-25 00:00:00,0,10,62681282,45,12,161.22,604.56,LIN_CNT2,2020,20,3,84,25,3,0,0,0
\IRFORE,2020-03-26 00:00:00,0,10,64647134,42,13,178.15,575.56,LIN_CNT2,2020,20,3,85,26,4,0,0,0
\IRFORE,2020-03-27 00:00:00,0,10,67966029,44,14,178.78,561.89,LIN_CNT2,2020,20,3,86,27,5,0,0,0
\IRFORE,2020-03-28 00:00:00,0,10,73773296,46,13,185.62,656.81,LIN_CNT2,2020,20,3,87,28,6,0,0,0
\IRFORE,2020-03-29 00:00:00,0,10,50669547,41,11,143.04,533.14,LIN_CNT2,2020,20,3,88,29,7,0,0,0
\IRFORE,2020-03-30 00:00:00,0,10,68202662,42,12,187.95,657.82,LIN_CNT2,2020,20,3,89,30,1,0,0,0
\IRFORE,2020-03-31 00:00:00,0,10,64505750,37,10,201.78,746.59,LIN_CNT2,2020,20,3,90,31,2,0,0,0
\IRFORE,2020-04-01 00:00:00,0,10,70847917,46,15,178.26,546.67,LIN_CNT2,2020,20,4,91,1,3,0,0,0
\IRFORE,2020-04-02 00:00:00,0,10,77051723,44,14,202.68,637.00,LIN_CNT2,2020,20,4,92,2,4,0,0,0
\IRFORE,2020-04-03 00:00:00,0,10,78420526,48,16,189.09,567.28,LIN_CNT2,2020,20,4,93,3,5,0,0,0
\IRFORE,2020-04-04 00:00:00,0,10,85431402,48,14,206.00,706.28,LIN_CNT2,2020,20,4,94,4,6,0,0,0
\IRFORE,2020-04-05 00:00:00,0,10,55226648,41,11,155.90,581.09,LIN_CNT2,2020,20,4,95,5,7,0,0,0
\IRFORE,2020-04-06 00:00:00,0,10,75441066,42,13,207.90,671.66,LIN_CNT2,2020,20,4,96,6,1,0,0,0
\IRFORE,2020-04-07 00:00:00,0,10,70277409,45,13,180.75,625.69,LIN_CNT2,2020,20,4,97,7,2,0,0,0
\IRFORE,2020-04-08 00:00:00,0,10,72392859,50,14,167.58,598.49,LIN_CNT2,2020,20,4,98,8,3,0,0,0
\IRFORE,2020-04-09 00:00:00,0,10,75041314,48,15,180.94,579.02,LIN_CNT2,2020,20,4,99,9,4,0,0,0
\IRFORE,2020-04-10 00:00:00,0,10,67251283,48,14,162.16,555.98,LIN_CNT2,2020,20,4,100,10,5,0,0,0
\IRFORE,2020-04-11 00:00:00,0,10,78514211,45,14,201.94,649.09,LIN_CNT2,2020,20,4,101,11,6,0,0,0
\IRFORE,2020-04-12 00:00:00,0,10,54874565,38,10,167.14,635.12,LIN_CNT2,2020,20,4,102,12,7,0,0,0
\IRFORE,2020-04-13 00:00:00,0,10,64679188,42,12,178.24,623.83,LIN_CNT2,2020,20,4,103,13,1,0,0,0
\IRFORE,2020-04-14 00:00:00,0,10,66788235,45,14,171.78,552.15,LIN_CNT2,2020,20,4,104,14,2,0,0,0
\IRFORE,2020-04-15 00:00:00,0,10,73543783,46,15,185.04,567.47,LIN_CNT2,2020,20,4,105,15,3,0,0,0
\IRFORE,2020-04-16 00:00:00,0,10,78929656,44,15,207.62,609.03,LIN_CNT2,2020,20,4,106,16,4,0,0,0
\IRFORE,2020-04-17 00:00:00,0,10,79920200,47,16,196.81,578.13,LIN_CNT2,2020,20,4,107,17,5,0,0,0
\IRFORE,2020-04-18 00:00:00,0,10,83010983,47,15,204.42,640.52,LIN_CNT2,2020,20,4,108,18,6,0,0,0
\IRFORE,2020-04-19 00:00:00,0,10,56601904,41,12,159.78,545.93,LIN_CNT2,2020,20,4,109,19,7,0,0,0
\IRFORE,2020-04-20 00:00:00,0,10,78825457,45,14,202.74,651.67,LIN_CNT2,2020,20,4,110,20,1,0,0,0
\IRFORE,2020-04-21 00:00:00,0,10,69923104,46,14,175.93,578.07,LIN_CNT2,2020,20,4,111,21,2,0,0,0
\IRFORE,2020-04-22 00:00:00,0,10,74088079,47,14,182.45,612.50,LIN_CNT2,2020,20,4,112,22,3,0,0,0
\IRFORE,2020-04-23 00:00:00,0,10,74176875,44,14,195.12,613.23,LIN_CNT2,2020,20,4,113,23,4,0,0,0
\IRFORE,2020-04-24 00:00:00,0,10,77232933,45,16,198.64,558.69,LIN_CNT2,2020,20,4,114,24,5,0,0,0
\IRFORE,2020-04-25 00:00:00,0,10,82721217,47,14,203.71,683.87,LIN_CNT2,2020,20,4,115,25,6,0,0,0
\IRFORE,2020-04-26 00:00:00,0,10,57369362,41,12,161.95,553.33,LIN_CNT2,2020,20,4,116,26,7,0,0,0
\IRFORE,2020-04-27 00:00:00,0,10,78029635,43,14,210.03,645.09,LIN_CNT2,2020,20,4,117,27,1,0,0,0
\IRFORE,2020-04-28 00:00:00,0,10,72806953,46,15,183.19,561.78,LIN_CNT2,2020,20,4,118,28,2,0,0,0
\IRFORE,2020-04-29 00:00:00,0,10,76421916,47,15,188.19,589.68,LIN_CNT2,2020,20,4,119,29,3,0,0,0
\IRFORE,2020-04-30 00:00:00,0,10,84211031,48,17,203.06,573.33,LIN_CNT2,2020,20,4,120,30,4,0,0,0
\IRFORE,2020-05-01 00:00:00,0,10,87006486,55,20,183.09,503.51,LIN_CNT2,2020,20,5,121,1,5,0,0,0
\IRFORE,2020-05-02 00:00:00,0,10,100259524,49,17,236.82,682.59,LIN_CNT2,2020,20,5,122,2,6,0,0,0
\IRFORE,2020-05-03 00:00:00,0,10,65094535,42,13,179.38,579.55,LIN_CNT2,2020,20,5,123,3,7,0,0,0
\IRFORE,2020-05-04 00:00:00,0,10,92537301,46,17,232.83,630.02,LIN_CNT2,2020,20,5,124,4,1,0,0,0
\IRFORE,2020-05-05 00:00:00,0,10,82966566,34,4,282.43,2400.65,LIN_CNT2,2020,20,5,125,5,2,0,0,0
\IRFORE,2020-05-06 00:00:00,0,10,84376738,47,16,207.78,610.36,LIN_CNT2,2020,20,5,126,6,3,0,0,0
\IRFORE,2020-05-07 00:00:00,0,10,84894351,48,17,204.70,577.98,LIN_CNT2,2020,20,5,127,7,4,0,0,0
\IRFORE,2020-05-08 00:00:00,0,10,89917701,49,18,212.39,578.17,LIN_CNT2,2020,20,5,128,8,5,0,0,0
\IRFORE,2020-05-09 00:00:00,0,10,96789192,51,18,219.66,622.36,LIN_CNT2,2020,20,5,129,9,6,0,0,0
\IRFORE,2020-05-10 00:00:00,0,10,69468210,46,14,174.79,574.31,LIN_CNT2,2020,20,5,130,10,7,0,0,0
\IRFORE,2020-05-11 00:00:00,0,10,87765309,44,16,230.86,634.88,LIN_CNT2,2020,20,5,131,11,1,0,0,0
\IRFORE,2020-05-12 00:00:00,0,10,76951778,46,15,193.62,593.76,LIN_CNT2,2020,20,5,132,12,2,0,0,0
\IRFORE,2020-05-13 00:00:00,0,10,80326330,47,16,197.81,581.06,LIN_CNT2,2020,20,5,133,13,3,0,0,0
\IRFORE,2020-05-14 00:00:00,0,10,83778457,49,16,197.89,606.04,LIN_CNT2,2020,20,5,134,14,4,0,0,0
\IRFORE,2020-05-15 00:00:00,0,10,89077584,49,19,210.41,542.63,LIN_CNT2,2020,20,5,135,15,5,0,0,0
\IRFORE,2020-05-16 00:00:00,0,10,96734020,54,18,207.33,622.00,LIN_CNT2,2020,20,5,136,16,6,0,0,0
\IRFORE,2020-05-17 00:00:00,0,10,66024494,43,14,177.71,545.84,LIN_CNT2,2020,20,5,137,17,7,0,0,0
\IRFORE,2020-05-18 00:00:00,0,10,88525255,44,16,232.86,640.37,LIN_CNT2,2020,20,5,138,18,1,0,0,0
\IRFORE,2020-05-19 00:00:00,0,10,79578918,51,16,180.60,575.66,LIN_CNT2,2020,20,5,139,19,2,0,0,0
\IRFORE,2020-05-20 00:00:00,0,10,82313042,47,16,202.70,595.44,LIN_CNT2,2020,20,5,140,20,3,0,0,0
\IRFORE,2020-05-21 00:00:00,0,10,84020612,46,17,211.40,572.04,LIN_CNT2,2020,20,5,141,21,4,0,0,0
\IRFORE,2020-05-22 00:00:00,0,10,91086731,49,19,215.15,554.87,LIN_CNT2,2020,20,5,142,22,5,0,0,0
\IRFORE,2020-05-23 00:00:00,0,10,97185686,52,18,216.31,624.91,LIN_CNT2,2020,20,5,143,23,6,0,0,0
\IRFORE,2020-05-24 00:00:00,0,10,65826277,39,13,195.35,586.06,LIN_CNT2,2020,20,5,144,24,7,0,0,0
\IRFORE,2020-05-25 00:00:00,0,10,89033529,43,15,239.65,686.99,LIN_CNT2,2020,20,5,145,25,1,0,0,0
\IRFORE,2020-05-26 00:00:00,0,10,75748529,47,15,186.54,584.48,LIN_CNT2,2020,20,5,146,26,2,0,0,0
\IRFORE,2020-05-27 00:00:00,0,10,80795306,46,15,203.29,623.42,LIN_CNT2,2020,20,5,147,27,3,0,0,0
\IRFORE,2020-05-28 00:00:00,0,16,85994196,49,11,126.95,565.51,LIN_CNT2,2020,20,5,148,28,4,0,0,0
\IRFORE,2020-05-29 00:00:00,0,16,93740365,51,12,132.96,565.08,LIN_CNT2,2020,20,5,149,29,5,0,0,0
\IRFORE,2020-05-30 00:00:00,0,16,100708072,77,9,94.61,809.45,LIN_CNT2,2020,20,5,150,30,6,0,0,0
\IRFORE,2020-05-31 00:00:00,0,16,68984555,46,7,108.48,712.89,LIN_CNT2,2020,20,5,151,31,7,0,0,0
\IRFORE,2020-06-01 00:00:00,0,16,97091120,54,11,130.06,638.49,LIN_CNT2,2020,20,6,152,1,1,0,0,0
\IRFORE,2020-06-02 00:00:00,0,16,91209336,59,11,111.83,599.81,LIN_CNT2,2020,20,6,153,2,2,0,0,0
\IRFORE,2020-06-03 00:00:00,0,16,91489546,55,11,120.33,601.65,LIN_CNT2,2020,20,6,154,3,3,0,0,0
\IRFORE,2020-06-04 00:00:00,0,16,95191158,99,10,69.55,688.59,LIN_CNT2,2020,20,6,155,4,4,0,0,0
\IRFORE,2020-06-05 00:00:00,0,16,99177248,64,12,112.10,597.86,LIN_CNT2,2020,20,6,156,5,5,0,0,0
\IRFORE,2020-06-06 00:00:00,0,16,104432267,59,12,128.04,629.53,LIN_CNT2,2020,20,6,157,6,6,0,0,0
\IRFORE,2020-06-07 00:00:00,0,16,70627228,49,9,104.27,567.67,LIN_CNT2,2020,20,6,158,7,7,0,0,0
\IRFORE,2020-06-08 00:00:00,0,16,96046917,50,11,138.96,631.62,LIN_CNT2,2020,20,6,159,8,1,0,0,0
\IRFORE,2020-06-09 00:00:00,0,16,86146405,61,10,102.16,623.17,LIN_CNT2,2020,20,6,160,9,2,0,0,0
\IRFORE,2020-06-10 00:00:00,0,16,88043044,52,11,122.48,578.99,LIN_CNT2,2020,20,6,161,10,3,0,0,0
\IRFORE,2020-06-11 00:00:00,0,16,89183754,55,11,117.30,586.49,LIN_CNT2,2020,20,6,162,11,4,0,0,0
\IRFORE,2020-06-12 00:00:00,0,16,97641288,60,12,117.72,588.60,LIN_CNT2,2020,20,6,163,12,5,0,0,0
\IRFORE,2020-06-13 00:00:00,0,16,101631579,58,12,126.76,612.65,LIN_CNT2,2020,20,6,164,13,6,0,0,0
\IRFORE,2020-06-14 00:00:00,0,16,69683108,55,10,91.65,504.07,LIN_CNT2,2020,20,6,165,14,7,0,0,0
\IRFORE,2020-06-15 00:00:00,0,16,95956515,50,11,138.83,631.03,LIN_CNT2,2020,20,6,166,15,1,0,0,0
\IRFORE,2020-06-16 00:00:00,0,16,86352878,60,10,104.11,624.66,LIN_CNT2,2020,20,6,167,16,2,0,0,0
\IRFORE,2020-06-17 00:00:00,0,16,88150066,53,11,120.31,579.69,LIN_CNT2,2020,20,6,168,17,3,0,0,0
\IRFORE,2020-06-18 00:00:00,0,16,90088076,53,11,122.96,592.44,LIN_CNT2,2020,20,6,169,18,4,0,0,0
\IRFORE,2020-06-19 00:00:00,0,16,96147491,65,13,107.00,535.01,LIN_CNT2,2020,20,6,170,19,5,0,0,0
\IRFORE,2020-06-20 00:00:00,0,16,104134817,57,12,132.16,627.74,LIN_CNT2,2020,20,6,171,20,6,0,0,0
\IRFORE,2020-06-21 00:00:00,0,16,73765736,48,9,111.17,592.90,LIN_CNT2,2020,20,6,172,21,7,0,0,0
\IRFORE,2020-06-22 00:00:00,0,16,93835401,49,10,138.53,678.79,LIN_CNT2,2020,20,6,173,22,1,0,0,0
\IRFORE,2020-06-23 00:00:00,0,16,83223775,58,10,103.80,602.02,LIN_CNT2,2020,20,6,174,23,2,0,0,0
\IRFORE,2020-06-24 00:00:00,0,16,85860183,51,10,121.78,621.10,LIN_CNT2,2020,20,6,175,24,3,0,0,0
\IRFORE,2020-06-25 00:00:00,0,16,88432619,58,11,110.29,581.55,LIN_CNT2,2020,20,6,176,25,4,0,0,0
\IRFORE,2020-06-26 00:00:00,0,16,94571353,58,12,117.95,570.09,LIN_CNT2,2020,20,6,177,26,5,0,0,0
\IRFORE,2020-06-27 00:00:00,0,16,99586631,55,10,130.98,720.39,LIN_CNT2,2020,20,6,178,27,6,0,0,0
\IRFORE,2020-06-28 00:00:00,0,16,69098545,65,10,76.90,499.84,LIN_CNT2,2020,20,6,179,28,7,0,0,0
\IRFORE,2020-06-29 00:00:00,0,16,94851679,43,10,159.57,686.14,LIN_CNT2,2020,20,6,180,29,1,0,0,0
\IRFORE,2020-06-30 00:00:00,0,16,88530693,45,11,142.31,582.19,LIN_CNT2,2020,20,6,181,30,2,0,0,0
\IRFORE,2020-07-01 00:00:00,0,16,96949714,47,12,149.22,584.43,LIN_CNT2,2020,20,7,182,1,3,0,0,0
\IRFORE,2020-07-02 00:00:00,0,16,106523721,48,12,160.54,642.14,LIN_CNT2,2020,20,7,183,2,4,0,0,0
\IRFORE,2020-07-03 00:00:00,0,16,111240373,49,13,164.22,618.99,LIN_CNT2,2020,20,7,184,3,5,0,0,0
\IRFORE,2020-07-04 00:00:00,0,16,114589697,49,11,169.17,753.56,LIN_CNT2,2020,20,7,185,4,6,0,0,0
\IRFORE,2020-07-05 00:00:00,0,16,69584153,43,9,117.06,559.29,LIN_CNT2,2020,20,7,186,5,7,0,0,0
\IRFORE,2020-07-06 00:00:00,0,16,96218809,45,10,154.67,696.03,LIN_CNT2,2020,20,7,187,6,1,0,0,0
\IRFORE,2020-07-07 00:00:00,0,16,89924496,45,11,144.55,591.36,LIN_CNT2,2020,20,7,188,7,2,0,0,0
\IRFORE,2020-07-08 00:00:00,0,16,92275288,45,11,148.33,606.82,LIN_CNT2,2020,20,7,189,8,3,0,0,0
\IRFORE,2020-07-09 00:00:00,0,16,93732420,45,11,150.68,616.40,LIN_CNT2,2020,20,7,190,9,4,0,0,0
\IRFORE,2020-07-10 00:00:00,0,16,99337512,47,12,152.89,598.82,LIN_CNT2,2020,20,7,191,10,5,0,0,0
\IRFORE,2020-07-11 00:00:00,0,16,104765516,49,12,154.66,631.54,LIN_CNT2,2020,20,7,192,11,6,0,0,0
\IRFORE,2020-07-12 00:00:00,0,16,72095527,45,10,115.89,521.52,LIN_CNT2,2020,20,7,193,12,7,0,0,0
\IRFORE,2020-07-13 00:00:00,0,16,98969751,43,11,166.49,650.84,LIN_CNT2,2020,20,7,194,13,1,0,0,0
\IRFORE,2020-07-14 00:00:00,0,16,88663008,45,10,142.53,641.37,LIN_CNT2,2020,20,7,195,14,2,0,0,0
\IRFORE,2020-07-15 00:00:00,0,16,93627315,44,11,153.93,615.71,LIN_CNT2,2020,20,7,196,15,3,0,0,0
\IRFORE,2020-07-16 00:00:00,0,16,93925373,44,11,154.42,617.67,LIN_CNT2,2020,20,7,197,16,4,0,0,0
\IRFORE,2020-07-17 00:00:00,0,16,98113079,47,13,151.01,545.95,LIN_CNT2,2020,20,7,198,17,5,0,0,0
\IRFORE,2020-07-18 00:00:00,0,16,107064187,49,12,158.06,645.40,LIN_CNT2,2020,20,7,199,18,6,0,0,0
\IRFORE,2020-07-19 00:00:00,0,16,73194047,44,9,120.33,588.30,LIN_CNT2,2020,20,7,200,19,7,0,0,0
\IRFORE,2020-07-20 00:00:00,0,16,97342630,44,11,160.04,640.14,LIN_CNT2,2020,20,7,201,20,1,0,0,0
\IRFORE,2020-07-21 00:00:00,0,16,87791128,45,11,141.13,577.33,LIN_CNT2,2020,20,7,202,21,2,0,0,0
\IRFORE,2020-07-22 00:00:00,0,16,90250905,53,11,123.18,593.51,LIN_CNT2,2020,20,7,203,22,3,0,0,0
\IRFORE,2020-07-23 00:00:00,0,16,93169801,46,11,146.52,612.70,LIN_CNT2,2020,20,7,204,23,4,0,0,0
\IRFORE,2020-07-24 00:00:00,0,16,98498959,46,12,154.90,593.77,LIN_CNT2,2020,20,7,205,24,5,0,0,0
\IRFORE,2020-07-25 00:00:00,0,16,104488746,49,11,154.26,687.14,LIN_CNT2,2020,20,7,206,25,6,0,0,0
\IRFORE,2020-07-26 00:00:00,0,16,71726908,43,9,120.66,576.51,LIN_CNT2,2020,20,7,207,26,7,0,0,0
\IRFORE,2020-07-27 00:00:00,0,16,99191917,44,11,163.08,652.30,LIN_CNT2,2020,20,7,208,27,1,0,0,0
\IRFORE,2020-07-28 00:00:00,0,16,89707968,45,11,144.21,589.94,LIN_CNT2,2020,20,7,209,28,2,0,0,0
\IRFORE,2020-07-29 00:00:00,0,16,90988821,46,11,143.09,598.36,LIN_CNT2,2020,20,7,210,29,3,0,0,0
\IRFORE,2020-07-30 00:00:00,0,16,94237069,61,12,111.75,568.08,LIN_CNT2,2020,20,7,211,30,4,0,0,0
\IRFORE,2020-07-31 00:00:00,0,16,101473802,51,14,143.93,524.31,LIN_CNT2,2020,20,7,212,31,5,0,0,0
\IRFORE,2020-08-01 00:00:00,0,16,117335908,50,12,169.76,707.32,LIN_CNT2,2020,20,8,213,1,6,0,0,0
\IRFORE,2020-08-02 00:00:00,0,16,78526623,44,9,129.10,631.16,LIN_CNT2,2020,20,8,214,2,7,0,0,0
\IRFORE,2020-08-03 00:00:00,0,16,108429054,50,12,156.87,653.63,LIN_CNT2,2020,20,8,215,3,1,0,0,0
\IRFORE,2020-08-04 00:00:00,0,16,99327668,47,12,152.88,598.76,LIN_CNT2,2020,20,8,216,4,2,0,0,0
\IRFORE,2020-08-05 00:00:00,0,16,96936726,45,12,155.83,584.35,LIN_CNT2,2020,20,8,217,5,3,0,0,0
\IRFORE,2020-08-06 00:00:00,0,16,98917135,46,11,155.55,650.50,LIN_CNT2,2020,20,8,218,6,4,0,0,0
\IRFORE,2020-08-07 00:00:00,0,16,104648580,47,13,161.07,582.31,LIN_CNT2,2020,20,8,219,7,5,0,0,0
\IRFORE,2020-08-08 00:00:00,0,16,110847220,50,12,160.37,668.21,LIN_CNT2,2020,20,8,220,8,6,0,0,0
\IRFORE,2020-08-09 00:00:00,0,16,75122283,44,9,123.50,603.80,LIN_CNT2,2020,20,8,221,9,7,0,0,0
\IRFORE,2020-08-10 00:00:00,0,16,101138937,44,11,166.28,665.11,LIN_CNT2,2020,20,8,222,10,1,0,0,0
\IRFORE,2020-08-11 00:00:00,0,16,90793118,45,11,145.95,597.07,LIN_CNT2,2020,20,8,223,11,2,0,0,0
\IRFORE,2020-08-12 00:00:00,0,16,91899018,46,12,144.52,553.98,LIN_CNT2,2020,20,8,224,12,3,0,0,0
\IRFORE,2020-08-13 00:00:00,0,16,93533061,47,12,143.96,563.83,LIN_CNT2,2020,20,8,225,13,4,0,0,0
\IRFORE,2020-08-14 00:00:00,0,16,100378857,48,13,151.28,558.55,LIN_CNT2,2020,20,8,226,14,5,0,0,0
\IRFORE,2020-08-15 00:00:00,0,16,107813646,53,14,147.15,557.07,LIN_CNT2,2020,20,8,227,15,6,0,0,0
\IRFORE,2020-08-16 00:00:00,0,16,74135601,43,10,124.72,536.28,LIN_CNT2,2020,20,8,228,16,7,0,0,0
\IRFORE,2020-08-17 00:00:00,0,16,98845891,48,13,148.96,550.02,LIN_CNT2,2020,20,8,229,17,1,0,0,0
\IRFORE,2020-08-18 00:00:00,0,16,87907499,43,11,147.88,578.10,LIN_CNT2,2020,20,8,230,18,2,0,0,0
\IRFORE,2020-08-19 00:00:00,0,16,90001366,45,11,144.68,591.87,LIN_CNT2,2020,20,8,231,19,3,0,0,0
\IRFORE,2020-08-20 00:00:00,0,16,92829005,49,13,137.04,516.54,LIN_CNT2,2020,20,8,232,20,4,0,0,0
\IRFORE,2020-08-21 00:00:00,0,16,97300242,52,14,135.36,502.75,LIN_CNT2,2020,20,8,233,21,5,0,0,0
\IRFORE,2020-08-22 00:00:00,0,16,104085563,48,12,156.86,627.44,LIN_CNT2,2020,20,8,234,22,6,0,0,0
\IRFORE,2020-08-23 00:00:00,0,16,73164223,43,9,123.08,588.06,LIN_CNT2,2020,20,8,235,23,7,0,0,0
\IRFORE,2020-08-24 00:00:00,0,16,98635798,44,11,162.16,648.65,LIN_CNT2,2020,20,8,236,24,1,0,0,0
\IRFORE,2020-08-25 00:00:00,0,16,87895490,45,11,141.29,578.02,LIN_CNT2,2020,20,8,237,25,2,0,0,0
\IRFORE,2020-08-26 00:00:00,0,16,90797043,46,11,142.78,597.10,LIN_CNT2,2020,20,8,238,26,3,0,0,0
\IRFORE,2020-08-27 00:00:00,0,16,92389307,44,11,151.89,607.57,LIN_CNT2,2020,20,8,239,27,4,0,0,0
\IRFORE,2020-08-28 00:00:00,0,16,98114087,53,12,133.91,591.45,LIN_CNT2,2020,20,8,240,28,5,0,0,0
\IRFORE,2020-08-29 00:00:00,0,16,107319522,48,11,161.73,705.75,LIN_CNT2,2020,20,8,241,29,6,0,0,0
\IRFORE,2020-08-30 00:00:00,0,16,75389808,44,8,123.94,681.69,LIN_CNT2,2020,20,8,242,30,7,0,0,0
\IRFORE,2020-08-31 00:00:00,0,16,99376841,29,8,247.89,898.59,LIN_CNT2,2020,20,8,243,31,1,0,0,0
\IRFORE,2020-09-01 00:00:00,0,16,94214356,46,12,148.16,567.94,LIN_CNT2,2020,20,9,244,1,2,0,0,0
\IRFORE,2020-09-02 00:00:00,0,16,101032402,46,12,158.88,609.04,LIN_CNT2,2020,20,9,245,2,3,0,0,0
\IRFORE,2020-09-03 00:00:00,0,16,100628170,49,12,148.56,606.60,LIN_CNT2,2020,20,9,246,3,4,0,0,0
\IRFORE,2020-09-04 00:00:00,0,16,111906578,50,14,161.90,578.22,LIN_CNT2,2020,20,9,247,4,5,0,0,0
\IRFORE,2020-09-05 00:00:00,0,16,116860863,50,13,169.07,650.27,LIN_CNT2,2020,20,9,248,5,6,0,0,0
\IRFORE,2020-09-06 00:00:00,0,16,79256000,44,10,130.30,573.32,LIN_CNT2,2020,20,9,249,6,7,0,0,0
\IRFORE,2020-09-07 00:00:00,0,16,99676903,44,7,163.87,1030.06,LIN_CNT2,2020,20,9,250,7,1,0,0,0
\IRFORE,2020-09-08 00:00:00,0,16,88528625,34,4,188.35,1601.00,LIN_CNT2,2020,20,9,251,8,2,0,0,0
\IRFORE,2020-09-09 00:00:00,0,16,91121470,46,9,143.29,732.39,LIN_CNT2,2020,20,9,252,9,3,0,0,0
\IRFORE,2020-09-10 00:00:00,0,16,94016146,47,11,144.70,618.27,LIN_CNT2,2020,20,9,253,10,4,0,0,0
\IRFORE,2020-09-11 00:00:00,0,16,99542475,48,12,150.01,600.06,LIN_CNT2,2020,20,9,254,11,5,0,0,0
\IRFORE,2020-09-12 00:00:00,0,16,107859180,50,12,156.05,650.19,LIN_CNT2,2020,20,9,255,12,6,0,0,0
\IRFORE,2020-09-13 00:00:00,0,16,76038349,52,11,105.78,500.04,LIN_CNT2,2020,20,9,256,13,7,0,0,0
\IRFORE,2020-09-14 00:00:00,0,16,98428968,45,11,158.23,647.29,LIN_CNT2,2020,20,9,257,14,1,0,0,0
\IRFORE,2020-09-15 00:00:00,0,16,89208860,46,11,140.29,586.65,LIN_CNT2,2020,20,9,258,15,2,0,0,0
\IRFORE,2020-09-16 00:00:00,0,16,92597875,45,11,148.85,608.94,LIN_CNT2,2020,20,9,259,16,3,0,0,0
\IRFORE,2020-09-17 00:00:00,0,16,94522983,47,11,145.48,621.60,LIN_CNT2,2020,20,9,260,17,4,0,0,0
\IRFORE,2020-09-18 00:00:00,0,16,99290145,47,12,152.82,598.54,LIN_CNT2,2020,20,9,261,18,5,0,0,0
\IRFORE,2020-09-19 00:00:00,0,16,108054390,50,12,156.33,651.37,LIN_CNT2,2020,20,9,262,19,6,0,0,0
\IRFORE,2020-09-20 00:00:00,0,16,75720598,43,9,127.38,608.61,LIN_CNT2,2020,20,9,263,20,7,0,0,0
\IRFORE,2020-09-21 00:00:00,0,16,99528692,47,11,153.19,654.52,LIN_CNT2,2020,20,9,264,21,1,0,0,0
\IRFORE,2020-09-22 00:00:00,0,16,87466330,44,10,143.80,632.71,LIN_CNT2,2020,20,9,265,22,2,0,0,0
\IRFORE,2020-09-23 00:00:00,0,16,90389233,47,11,139.12,594.42,LIN_CNT2,2020,20,9,266,23,3,0,0,0
\IRFORE,2020-09-24 00:00:00,0,16,93011398,45,10,149.52,672.83,LIN_CNT2,2020,20,9,267,24,4,0,0,0
\IRFORE,2020-09-25 00:00:00,0,16,99170915,48,12,149.45,597.82,LIN_CNT2,2020,20,9,268,25,5,0,0,0
\IRFORE,2020-09-26 00:00:00,0,16,108579522,34,8,231.01,981.80,LIN_CNT2,2020,20,9,269,26,6,0,0,0
\IRFORE,2020-09-27 00:00:00,0,16,76158770,45,8,122.43,688.65,LIN_CNT2,2020,20,9,270,27,7,0,0,0
\IRFORE,2020-09-28 00:00:00,0,16,98014323,44,10,161.14,709.02,LIN_CNT2,2020,20,9,271,28,1,0,0,0
\IRFORE,2020-09-29 00:00:00,0,16,86929792,44,10,142.92,628.83,LIN_CNT2,2020,20,9,272,29,2,0,0,0
\IRFORE,2020-09-30 00:00:00,0,16,93127234,47,12,143.33,561.39,LIN_CNT2,2020,20,9,273,30,3,0,0,0
\IRFORE,2020-10-01 00:00:00,0,16,102087363,48,13,153.85,568.06,LIN_CNT2,2020,20,10,274,1,4,0,0,0
\IRFORE,2020-10-02 00:00:00,0,16,114304459,50,14,165.37,590.61,LIN_CNT2,2020,20,10,275,2,5,0,0,0
\IRFORE,2020-10-03 00:00:00,0,16,121935604,54,13,163.34,678.51,LIN_CNT2,2020,20,10,276,3,6,0,0,0
\IRFORE,2020-10-04 00:00:00,0,16,81605576,45,10,131.18,590.32,LIN_CNT2,2020,20,10,277,4,7,0,0,0
\IRFORE,2020-10-05 00:00:00,0,16,108069176,44,12,177.67,651.46,LIN_CNT2,2020,20,10,278,5,1,0,0,0
\IRFORE,2020-10-06 00:00:00,0,16,96240901,46,11,151.35,632.90,LIN_CNT2,2020,20,10,279,6,2,0,0,0
\IRFORE,2020-10-07 00:00:00,0,16,96543790,48,12,145.50,581.98,LIN_CNT2,2020,20,10,280,7,3,0,0,0
\IRFORE,2020-10-08 00:00:00,0,16,96021884,45,11,154.36,631.46,LIN_CNT2,2020,20,10,281,8,4,0,0,0
\IRFORE,2020-10-09 00:00:00,0,16,100848825,48,13,151.98,561.17,LIN_CNT2,2020,20,10,282,9,5,0,0,0
\IRFORE,2020-10-10 00:00:00,0,16,111655565,52,13,155.33,621.30,LIN_CNT2,2020,20,10,283,10,6,0,0,0
\IRFORE,2020-10-11 00:00:00,0,16,78121681,44,10,128.44,565.12,LIN_CNT2,2020,20,10,284,11,7,0,0,0
\IRFORE,2020-10-12 00:00:00,0,16,96086098,45,11,154.46,631.88,LIN_CNT2,2020,20,10,285,12,1,0,0,0
\IRFORE,2020-10-13 00:00:00,0,16,85702235,46,11,134.77,563.59,LIN_CNT2,2020,20,10,286,13,2,0,0,0
\IRFORE,2020-10-14 00:00:00,0,16,89535065,45,11,143.93,588.80,LIN_CNT2,2020,20,10,287,14,3,0,0,0
\IRFORE,2020-10-15 00:00:00,0,16,95118632,47,11,146.40,625.52,LIN_CNT2,2020,20,10,288,15,4,0,0,0
\IRFORE,2020-10-16 00:00:00,0,16,99499336,49,13,146.89,553.66,LIN_CNT2,2020,20,10,289,16,5,0,0,0
\IRFORE,2020-10-17 00:00:00,0,16,109959641,49,13,162.33,611.87,LIN_CNT2,2020,20,10,290,17,6,0,0,0
\IRFORE,2020-10-18 00:00:00,0,16,76855488,45,9,123.55,617.73,LIN_CNT2,2020,20,10,291,18,7,0,0,0
\IRFORE,2020-10-19 00:00:00,0,16,97692908,45,11,157.04,642.45,LIN_CNT2,2020,20,10,292,19,1,0,0,0
\IRFORE,2020-10-20 00:00:00,0,16,88828644,46,11,139.69,584.15,LIN_CNT2,2020,20,10,293,20,2,0,0,0
\IRFORE,2020-10-21 00:00:00,0,16,91565316,44,11,150.54,602.15,LIN_CNT2,2020,20,10,294,21,3,0,0,0
\IRFORE,2020-10-22 00:00:00,0,16,92788988,45,11,149.16,610.20,LIN_CNT2,2020,20,10,295,22,4,0,0,0
\IRFORE,2020-10-23 00:00:00,0,16,98735662,47,13,151.96,549.41,LIN_CNT2,2020,20,10,296,23,5,0,0,0
\IRFORE,2020-10-24 00:00:00,0,16,106528878,48,13,160.54,592.78,LIN_CNT2,2020,20,10,297,24,6,0,0,0
\IRFORE,2020-10-25 00:00:00,0,16,75758004,45,10,121.78,548.02,LIN_CNT2,2020,20,10,298,25,7,0,0,0
\IRFORE,2020-10-26 00:00:00,0,16,96876643,44,11,159.27,637.08,LIN_CNT2,2020,20,10,299,26,1,0,0,0
\IRFORE,2020-10-27 00:00:00,0,16,85817577,45,11,137.95,564.35,LIN_CNT2,2020,20,10,300,27,2,0,0,0
\IRFORE,2020-10-28 00:00:00,0,16,88466025,44,11,145.44,581.77,LIN_CNT2,2020,20,10,301,28,3,0,0,0
\IRFORE,2020-10-29 00:00:00,0,16,92613925,45,12,148.88,558.29,LIN_CNT2,2020,20,10,302,29,4,0,0,0
\IRFORE,2020-10-30 00:00:00,0,16,102380800,50,14,148.12,529.00,LIN_CNT2,2020,20,10,303,30,5,0,0,0
\IRFORE,2020-10-31 00:00:00,0,16,117421588,52,14,163.35,606.72,LIN_CNT2,2020,20,10,304,31,6,0,0,0
\IRFORE,2020-11-01 00:00:00,0,16,84898441,45,10,136.48,614.14,LIN_CNT2,2020,20,11,305,1,7,0,0,0
\IRFORE,2020-11-02 00:00:00,0,16,102498814,45,12,164.77,617.88,LIN_CNT2,2020,20,11,307,2,1,0,0,0
\IRFORE,2020-11-03 00:00:00,0,16,96577331,47,13,148.64,537.40,LIN_CNT2,2020,20,11,308,3,2,0,0,0
\IRFORE,2020-11-04 00:00:00,0,16,101100745,47,12,155.60,609.45,LIN_CNT2,2020,20,11,309,4,3,0,0,0
\IRFORE,2020-11-05 00:00:00,0,16,98348520,46,12,154.66,592.86,LIN_CNT2,2020,20,11,310,5,4,0,0,0
\IRFORE,2020-11-06 00:00:00,0,16,105740123,49,13,156.10,588.39,LIN_CNT2,2020,20,11,311,6,5,0,0,0
\IRFORE,2020-11-07 00:00:00,0,16,115989982,50,13,167.81,645.42,LIN_CNT2,2020,20,11,312,7,6,0,0,0
\IRFORE,2020-11-08 00:00:00,0,16,81648841,45,10,131.25,590.63,LIN_CNT2,2020,20,11,313,8,7,0,0,0
\IRFORE,2020-11-09 00:00:00,0,16,104235449,44,12,171.37,628.35,LIN_CNT2,2020,20,11,314,9,1,0,0,0
\IRFORE,2020-11-10 00:00:00,0,16,92176083,46,11,144.95,606.17,LIN_CNT2,2020,20,11,315,10,2,0,0,0
\IRFORE,2020-11-11 00:00:00,0,16,93534148,45,11,150.36,615.10,LIN_CNT2,2020,20,11,316,11,3,0,0,0
\IRFORE,2020-11-12 00:00:00,0,16,95083401,44,12,156.32,573.18,LIN_CNT2,2020,20,11,317,12,4,0,0,0
\IRFORE,2020-11-13 00:00:00,0,16,102531057,51,13,145.43,570.53,LIN_CNT2,2020,20,11,318,13,5,0,0,0
\IRFORE,2020-11-14 00:00:00,0,16,111940211,50,13,161.95,622.89,LIN_CNT2,2020,20,11,319,14,6,0,0,0
\IRFORE,2020-11-15 00:00:00,0,16,80259201,43,11,135.02,527.80,LIN_CNT2,2020,20,11,320,15,7,0,0,0
\IRFORE,2020-11-16 00:00:00,0,16,102250961,45,12,164.37,616.39,LIN_CNT2,2020,20,11,321,16,1,0,0,0
\IRFORE,2020-11-17 00:00:00,0,16,90134922,45,11,144.89,592.74,LIN_CNT2,2020,20,11,322,17,2,0,0,0
\IRFORE,2020-11-18 00:00:00,0,16,90785746,45,11,145.94,597.02,LIN_CNT2,2020,20,11,323,18,3,0,0,0
\IRFORE,2020-11-19 00:00:00,0,16,95673035,45,12,153.80,576.73,LIN_CNT2,2020,20,11,324,19,4,0,0,0
\IRFORE,2020-11-20 00:00:00,0,16,102078932,49,13,150.70,568.01,LIN_CNT2,2020,20,11,325,20,5,0,0,0
\IRFORE,2020-11-21 00:00:00,0,16,112850724,50,14,163.27,583.10,LIN_CNT2,2020,20,11,326,21,6,0,0,0
\IRFORE,2020-11-22 00:00:00,0,16,79802646,45,10,128.28,577.28,LIN_CNT2,2020,20,11,327,22,7,0,0,0
\IRFORE,2020-11-23 00:00:00,0,16,101455616,47,13,156.15,564.55,LIN_CNT2,2020,20,11,328,23,1,0,0,0
\IRFORE,2020-11-24 00:00:00,0,16,92183104,46,13,144.96,512.95,LIN_CNT2,2020,20,11,329,24,2,0,0,0
\IRFORE,2020-11-25 00:00:00,0,16,98532108,47,14,151.65,509.12,LIN_CNT2,2020,20,11,330,25,3,0,0,0
\IRFORE,2020-11-26 00:00:00,0,16,106077452,43,11,178.45,697.58,LIN_CNT2,2020,20,11,331,26,4,0,0,0
\IRFORE,2020-11-27 00:00:00,0,16,83204514,48,13,125.39,462.99,LIN_CNT2,2020,20,11,332,27,5,0,0,0
\IRFORE,2020-11-28 00:00:00,0,16,110489803,49,13,163.11,614.82,LIN_CNT2,2020,20,11,333,28,6,0,0,0
\IRFORE,2020-11-29 00:00:00,0,16,78756232,44,10,129.48,569.71,LIN_CNT2,2020,20,11,334,29,7,0,0,0
\IRFORE,2020-11-30 00:00:00,0,16,105170476,46,14,165.39,543.42,LIN_CNT2,2020,20,11,335,30,1,0,0,0
\IRFORE,2020-12-01 00:00:00,0,16,102812697,48,15,154.94,495.82,LIN_CNT2,2020,20,12,336,1,2,0,0,0
\IRFORE,2020-12-02 00:00:00,0,16,107972141,52,15,150.20,520.70,LIN_CNT2,2020,20,12,337,2,3,0,0,0
\IRFORE,2020-12-03 00:00:00,0,16,105280696,52,15,146.46,507.72,LIN_CNT2,2020,20,12,338,3,4,0,0,0
\IRFORE,2020-12-04 00:00:00,0,16,115146478,49,16,169.99,520.59,LIN_CNT2,2020,20,12,339,4,5,0,0,0
\IRFORE,2020-12-05 00:00:00,0,16,119317224,53,15,162.85,575.41,LIN_CNT2,2020,20,12,340,5,6,0,0,0
\IRFORE,2020-12-06 00:00:00,0,16,81797665,43,10,137.61,591.71,LIN_CNT2,2020,20,12,341,6,7,0,0,0
\IRFORE,2020-12-07 00:00:00,0,16,107505411,44,13,176.74,598.21,LIN_CNT2,2020,20,12,342,7,1,0,0,0
\IRFORE,2020-12-08 00:00:00,0,16,95284943,44,13,156.65,530.21,LIN_CNT2,2020,20,12,343,8,2,0,0,0
\IRFORE,2020-12-09 00:00:00,0,16,97481223,46,13,153.30,542.43,LIN_CNT2,2020,20,12,344,9,3,0,0,0
\IRFORE,2020-12-10 00:00:00,0,16,101085398,47,13,155.58,562.49,LIN_CNT2,2020,20,12,345,10,4,0,0,0
\IRFORE,2020-12-11 00:00:00,0,16,107626449,48,14,162.20,556.11,LIN_CNT2,2020,20,12,346,11,5,0,0,0
\IRFORE,2020-12-12 00:00:00,0,16,115530372,47,13,177.81,642.86,LIN_CNT2,2020,20,12,347,12,6,0,0,0
\IRFORE,2020-12-13 00:00:00,0,16,81870425,43,10,137.73,592.23,LIN_CNT2,2020,20,12,348,13,7,0,0,0
\IRFORE,2020-12-14 00:00:00,0,16,105764751,46,13,166.32,588.52,LIN_CNT2,2020,20,12,349,14,1,0,0,0
\IRFORE,2020-12-15 00:00:00,0,16,97073689,46,13,152.65,540.16,LIN_CNT2,2020,20,12,350,15,2,0,0,0
\IRFORE,2020-12-16 00:00:00,0,16,102834363,48,13,154.98,572.22,LIN_CNT2,2020,20,12,351,16,3,0,0,0
\IRFORE,2020-12-17 00:00:00,0,16,104176928,47,13,160.34,579.69,LIN_CNT2,2020,20,12,352,17,4,0,0,0
\IRFORE,2020-12-18 00:00:00,0,16,110674929,53,15,151.06,533.73,LIN_CNT2,2020,20,12,353,18,5,0,0,0
\IRFORE,2020-12-19 00:00:00,0,16,122517084,52,15,170.44,590.84,LIN_CNT2,2020,20,12,354,19,6,0,0,0
\IRFORE,2020-12-20 00:00:00,0,16,88884801,46,11,139.78,584.52,LIN_CNT2,2020,20,12,355,20,7,0,0,0
\IRFORE,2020-12-21 00:00:00,0,16,116130180,48,14,175.01,600.04,LIN_CNT2,2020,20,12,356,21,1,0,0,0
\IRFORE,2020-12-22 00:00:00,0,16,110249354,48,14,166.15,569.66,LIN_CNT2,2020,20,12,357,22,2,0,0,0
\IRFORE,2020-12-23 00:00:00,0,16,119987140,52,16,166.92,542.48,LIN_CNT2,2020,20,12,358,23,3,0,0,0
\IRFORE,2020-12-24 00:00:00,0,16,128046829,61,16,151.85,578.92,LIN_CNT2,2020,20,12,359,24,4,0,0,0
\IRFORE,2020-12-25 00:00:00,0,16,86922943,42,6,149.71,1047.97,LIN_CNT2,2020,20,12,360,25,5,0,0,0
\IRFORE,2020-12-26 00:00:00,0,16,63398954,45,10,101.91,458.62,LIN_CNT2,2020,20,12,361,26,6,0,0,0
\IRFORE,2020-12-27 00:00:00,0,16,67748755,41,9,119.53,544.53,LIN_CNT2,2020,20,12,362,27,7,0,0,0
\IRFORE,2020-12-28 00:00:00,0,16,94804470,44,11,155.86,623.45,LIN_CNT2,2020,20,12,363,28,1,0,0,0
\IRFORE,2020-12-29 00:00:00,0,16,95182873,47,12,146.50,573.78,LIN_CNT2,2020,20,12,364,29,2,0,0,0
\IRFORE,2020-12-30 00:00:00,0,16,105801331,51,14,150.07,546.68,LIN_CNT2,2020,20,12,365,30,3,0,0,0
\IRFORE,2020-12-31 00:00:00,0,16,115740858,51,17,164.17,492.50,LIN_CNT2,2020,20,12,366,31,4,0,0,0



MonNode(1),TimeSlot(2),UNITT(3),UNITS(4),COUNTER(5), FltMet1(6), FltMet2(7), Rat1(8), Rat2(9), RowNum(10), DType(11), Method(12),"|COUNTER,FltMet2|(13)" 
\IRFORE,2021-1-1,NSE-Q,115740858,,14.15533.57,1,F,LIN_CNT2,"|103264395|"
\IRFORE,2021-1-2,NSE-Q,115740858,,14.34598.03,2,F,LIN_CNT2,"|115740858|"
\IRFORE,2021-1-3,NSE-Q,115740858,,14.21662.50,3,F,LIN_CNT2,"|128217321|"
\IRFORE,2021-1-4,NSE-Q,115740858,,13.75782.88,4,F,LIN_CNT2,"|140693785|"
\IRFORE,2021-1-5,NSE-Q,115740858,,12.97923.34,5,F,LIN_CNT2,"|153170248|"
\IRFORE,2021-1-6,NSE-Q,115740858,,13.75782.88,6,F,LIN_CNT2,"|140693785|"
\IRFORE,2021-1-7,NSE-Q,115740858,,12.97923.34,7,F,LIN_CNT2,"|153170248|"
\IRFORE,2021-1-8,NSE-Q,115740858,,11.851089.32,8,F,LIN_CNT2,"|165646711|"
\IRFORE,2021-1-9,NSE-Q,115740858,,10.421288.51,9,F,LIN_CNT2,"|178123174|"
\IRFORE,2021-1-10,NSE-Q,115740858,,8.651723.45,10,F,LIN_CNT2,"|190599638|"
\IRFORE,2021-1-11,NSE-Q,115740858,,6.562448.35,11,F,LIN_CNT2,"|203076101|"
\IRFORE,2021-1-12,NSE-Q,115740858,,8.651723.45,12,F,LIN_CNT2,"|190599638|"
\IRFORE,2021-1-13,NSE-Q,115740858,,6.562448.35,13,F,LIN_CNT2,"|203076101|"
\IRFORE,2021-1-14,NSE-Q,115740858,,4.143898.16,14,F,LIN_CNT2,"|215552564|"
\IRFORE,2021-1-15,NSE-Q,115740858,,1.3916495.16,15,F,LIN_CNT2,"|228029027|"
\IRFORE,2021-1-16,NSE-Q,115740858,,4.143898.16,16,F,LIN_CNT2,"|215552564|"
\IRFORE,2021-1-17,NSE-Q,115740858,,1.3916495.16,17,F,LIN_CNT2,"|228029027|"
\IRFORE,2021-1-18,NSE-Q,115740858,,4.143898.16,18,F,LIN_CNT2,"|215552564|"
\IRFORE,2021-1-19,NSE-Q,115740858,,6.562448.35,19,F,LIN_CNT2,"|203076101|"
\IRFORE,2021-1-20,NSE-Q,115740858,,8.651723.45,20,F,LIN_CNT2,"|190599638|"
\IRFORE,2021-1-21,NSE-Q,115740858,,6.562448.35,21,F,LIN_CNT2,"|203076101|"
\IRFORE,2021-1-22,NSE-Q,115740858,,4.143898.16,22,F,LIN_CNT2,"|215552564|"
\IRFORE,2021-1-23,NSE-Q,115740858,,1.3916495.16,23,F,LIN_CNT2,"|228029027|"
\IRFORE,2021-1-24,NSE-Q,115740858,,-1.68-17397.68,24,F,LIN_CNT2,"|240505491|"
\IRFORE,2021-1-25,NSE-Q,115740858,,-5.08-3660.04,25,F,LIN_CNT2,"|252981954|"
\IRFORE,2021-1-26,NSE-Q,115740858,,-1.68-17397.68,26,F,LIN_CNT2,"|240505491|"
\IRFORE,2021-1-27,NSE-Q,115740858,,-5.08-3660.04,27,F,LIN_CNT2,"|252981954|"
\IRFORE,2021-1-28,NSE-Q,115740858,,-1.68-17397.68,28,F,LIN_CNT2,"|240505491|"
\IRFORE,2021-1-29,NSE-Q,115740858,,1.3916495.16,29,F,LIN_CNT2,"|228029027|"
\IRFORE,2021-1-30,NSE-Q,115740858,,-1.68-17397.68,30,F,LIN_CNT2,"|240505491|"
\IRFORE,2021-1-31,NSE-Q,115740858,,1.3916495.16,31,F,LIN_CNT2,"|228029027|"
\IRFORE,2021-2-1,NSE-Q,115740858,,4.143898.16,32,F,LIN_CNT2,"|215552564|"
\IRFORE,2021-2-2,NSE-Q,115740858,,1.3916495.16,33,F,LIN_CNT2,"|228029027|"
\IRFORE,2021-2-3,NSE-Q,115740858,,-1.68-17397.68,34,F,LIN_CNT2,"|240505491|"
\IRFORE,2021-2-4,NSE-Q,115740858,,-5.08-3660.04,35,F,LIN_CNT2,"|252981954|"
\IRFORE,2021-2-5,NSE-Q,115740858,,-8.81-2400.34,36,F,LIN_CNT2,"|265458417|"
\IRFORE,2021-2-6,NSE-Q,115740858,,-12.86-1675.44,37,F,LIN_CNT2,"|277934880|"
\IRFORE,2021-2-7,NSE-Q,115740858,,-17.24-1235.75,38,F,LIN_CNT2,"|290411344|"
\IRFORE,2021-2-8,NSE-Q,115740858,,-21.95-1043.35,39,F,LIN_CNT2,"|302887807|"
\IRFORE,2021-2-9,NSE-Q,115740858,,-26.98-877.42,40,F,LIN_CNT2,"|315364270|"
\IRFORE,2021-2-10,NSE-Q,115740858,,-32.34-741.10,41,F,LIN_CNT2,"|327840733|"
\IRFORE,2021-2-11,NSE-Q,115740858,,-38.03-647.84,42,F,LIN_CNT2,"|340317197|"
\IRFORE,2021-2-12,NSE-Q,115740858,,-32.34-741.10,43,F,LIN_CNT2,"|327840733|"
\IRFORE,2021-2-13,NSE-Q,115740858,,-38.03-647.84,44,F,LIN_CNT2,"|340317197|"
\IRFORE,2021-2-14,NSE-Q,115740858,,-32.34-741.10,45,F,LIN_CNT2,"|327840733|"
\IRFORE,2021-2-15,NSE-Q,115740858,,-38.03-647.84,46,F,LIN_CNT2,"|340317197|"
\IRFORE,2021-2-16,NSE-Q,115740858,,-44.04-580.01,47,F,LIN_CNT2,"|352793660|"
\IRFORE,2021-2-17,NSE-Q,115740858,,-38.03-647.84,48,F,LIN_CNT2,"|340317197|"
\IRFORE,2021-2-18,NSE-Q,115740858,,-44.04-580.01,49,F,LIN_CNT2,"|352793660|"
\IRFORE,2021-2-19,NSE-Q,115740858,,-38.03-647.84,50,F,LIN_CNT2,"|340317197|"
\IRFORE,2021-2-20,NSE-Q,115740858,,-44.04-580.01,51,F,LIN_CNT2,"|352793660|"
\IRFORE,2021-2-21,NSE-Q,115740858,,-50.38-528.46,52,F,LIN_CNT2,"|365270123|"
\IRFORE,2021-2-22,NSE-Q,115740858,,-44.04-580.01,53,F,LIN_CNT2,"|352793660|"
\IRFORE,2021-2-23,NSE-Q,115740858,,-50.38-528.46,54,F,LIN_CNT2,"|365270123|"
\IRFORE,2021-2-24,NSE-Q,115740858,,-57.04-479.39,55,F,LIN_CNT2,"|377746586|"
\IRFORE,2021-2-25,NSE-Q,115740858,,-64.04-441.06,56,F,LIN_CNT2,"|390223050|"
\IRFORE,2021-2-26,NSE-Q,115740858,,-71.36-410.29,57,F,LIN_CNT2,"|402699513|"
\IRFORE,2021-2-27,NSE-Q,115740858,,-79.00-380.16,58,F,LIN_CNT2,"|415175976|"
\IRFORE,2021-2-28,NSE-Q,115740858,,-71.36-410.29,59,F,LIN_CNT2,"|402699513|"
\IRFORE,2021-3-1,NSE-Q,115740858,,-79.00-380.16,60,F,LIN_CNT2,"|415175976|"
\IRFORE,2021-3-2,NSE-Q,115740858,,-86.98-359.72,61,F,LIN_CNT2,"|427652439|"
\IRFORE,2021-3-3,NSE-Q,115740858,,-95.28-335.14,62,F,LIN_CNT2,"|440128903|"
\IRFORE,2021-3-4,NSE-Q,115740858,,-103.90-317.87,63,F,LIN_CNT2,"|452605366|"
\IRFORE,2021-3-5,NSE-Q,115740858,,-95.28-335.14,64,F,LIN_CNT2,"|440128903|"
\IRFORE,2021-3-6,NSE-Q,115740858,,-103.90-317.87,65,F,LIN_CNT2,"|452605366|"
\IRFORE,2021-3-7,NSE-Q,115740858,,-112.86-300.38,66,F,LIN_CNT2,"|465081829|"
\IRFORE,2021-3-8,NSE-Q,115740858,,-122.14-283.16,67,F,LIN_CNT2,"|477558292|"
\IRFORE,2021-3-9,NSE-Q,115740858,,-131.75-270.60,68,F,LIN_CNT2,"|490034756|"
\IRFORE,2021-3-10,NSE-Q,115740858,,-122.14-283.16,69,F,LIN_CNT2,"|477558292|"
\IRFORE,2021-3-11,NSE-Q,115740858,,-112.86-300.38,70,F,LIN_CNT2,"|465081829|"
\IRFORE,2021-3-12,NSE-Q,115740858,,-103.90-317.87,71,F,LIN_CNT2,"|452605366|"
\IRFORE,2021-3-13,NSE-Q,115740858,,-112.86-300.38,72,F,LIN_CNT2,"|465081829|"
\IRFORE,2021-3-14,NSE-Q,115740858,,-122.14-283.16,73,F,LIN_CNT2,"|477558292|"
\IRFORE,2021-3-15,NSE-Q,115740858,,-112.86-300.38,74,F,LIN_CNT2,"|465081829|"
\IRFORE,2021-3-16,NSE-Q,115740858,,-122.14-283.16,75,F,LIN_CNT2,"|477558292|"
\IRFORE,2021-3-17,NSE-Q,115740858,,-131.75-270.60,76,F,LIN_CNT2,"|490034756|"
\IRFORE,2021-3-18,NSE-Q,115740858,,-141.68-257.81,77,F,LIN_CNT2,"|502511219|"
\IRFORE,2021-3-19,NSE-Q,115740858,,-131.75-270.60,78,F,LIN_CNT2,"|490034756|"
\IRFORE,2021-3-20,NSE-Q,115740858,,-141.68-257.81,79,F,LIN_CNT2,"|502511219|"
\IRFORE,2021-3-21,NSE-Q,115740858,,-151.94-246.71,80,F,LIN_CNT2,"|514987682|"
\IRFORE,2021-3-22,NSE-Q,115740858,,-162.53-235.53,81,F,LIN_CNT2,"|527464145|"
\IRFORE,2021-3-23,NSE-Q,115740858,,-151.94-246.71,82,F,LIN_CNT2,"|514987682|"
\IRFORE,2021-3-24,NSE-Q,115740858,,-162.53-235.53,83,F,LIN_CNT2,"|527464145|"
\IRFORE,2021-3-25,NSE-Q,115740858,,-173.44-225.77,84,F,LIN_CNT2,"|539940609|"
\IRFORE,2021-3-26,NSE-Q,115740858,,-162.53-235.53,85,F,LIN_CNT2,"|527464145|"
\IRFORE,2021-3-27,NSE-Q,115740858,,-173.44-225.77,86,F,LIN_CNT2,"|539940609|"
\IRFORE,2021-3-28,NSE-Q,115740858,,-184.68-217.18,87,F,LIN_CNT2,"|552417072|"
\IRFORE,2021-3-29,NSE-Q,115740858,,-173.44-225.77,88,F,LIN_CNT2,"|539940609|"
\IRFORE,2021-3-30,NSE-Q,115740858,,-162.53-235.53,89,F,LIN_CNT2,"|527464145|"
\IRFORE,2021-3-31,NSE-Q,115740858,,-173.44-225.77,90,F,LIN_CNT2,"|539940609|"
\IRFORE,2021-4-1,NSE-Q,115740858,,-184.68-217.18,91,F,LIN_CNT2,"|552417072|"
\IRFORE,2021-4-2,NSE-Q,115740858,,-196.25-208.49,92,F,LIN_CNT2,"|564893535|"
\IRFORE,2021-4-3,NSE-Q,115740858,,-184.68-217.18,93,F,LIN_CNT2,"|552417072|"
\IRFORE,2021-4-4,NSE-Q,115740858,,-196.25-208.49,94,F,LIN_CNT2,"|564893535|"
\IRFORE,2021-4-5,NSE-Q,115740858,,-208.14-200.80,95,F,LIN_CNT2,"|577369998|"
\IRFORE,2021-4-6,NSE-Q,115740858,,-220.36-193.95,96,F,LIN_CNT2,"|589846462|"
\IRFORE,2021-4-7,NSE-Q,115740858,,-232.91-187.81,97,F,LIN_CNT2,"|602322925|"
\IRFORE,2021-4-8,NSE-Q,115740858,,-245.78-181.52,98,F,LIN_CNT2,"|614799388|"
\IRFORE,2021-4-9,NSE-Q,115740858,,-258.98-175.88,99,F,LIN_CNT2,"|627275851|"
\IRFORE,2021-4-10,NSE-Q,115740858,,-272.51-170.14,100,F,LIN_CNT2,"|639752315|"
\IRFORE,2021-4-11,NSE-Q,115740858,,-286.36-164.97,101,F,LIN_CNT2,"|652228778|"
\IRFORE,2021-4-12,NSE-Q,115740858,,-300.54-160.28,102,F,LIN_CNT2,"|664705241|"
\IRFORE,2021-4-13,NSE-Q,115740858,,-315.05-155.51,103,F,LIN_CNT2,"|677181704|"
\IRFORE,2021-4-14,NSE-Q,115740858,,-300.54-160.28,104,F,LIN_CNT2,"|664705241|"
\IRFORE,2021-4-15,NSE-Q,115740858,,-286.36-164.97,105,F,LIN_CNT2,"|652228778|"
\IRFORE,2021-4-16,NSE-Q,115740858,,-300.54-160.28,106,F,LIN_CNT2,"|664705241|"
\IRFORE,2021-4-17,NSE-Q,115740858,,-315.05-155.51,107,F,LIN_CNT2,"|677181704|"
\IRFORE,2021-4-18,NSE-Q,115740858,,-329.89-151.64,108,F,LIN_CNT2,"|689658168|"
\IRFORE,2021-4-19,NSE-Q,115740858,,-345.05-147.22,109,F,LIN_CNT2,"|702134631|"
\IRFORE,2021-4-20,NSE-Q,115740858,,-360.53-143.59,110,F,LIN_CNT2,"|714611094|"
\IRFORE,2021-4-21,NSE-Q,115740858,,-376.35-139.88,111,F,LIN_CNT2,"|727087557|"
\IRFORE,2021-4-22,NSE-Q,115740858,,-392.49-136.48,112,F,LIN_CNT2,"|739564021|"
\IRFORE,2021-4-23,NSE-Q,115740858,,-408.96-133.34,113,F,LIN_CNT2,"|752040484|"
\IRFORE,2021-4-24,NSE-Q,115740858,,-425.75-130.13,114,F,LIN_CNT2,"|764516947|"
\IRFORE,2021-4-25,NSE-Q,115740858,,-442.87-127.16,115,F,LIN_CNT2,"|776993410|"
\IRFORE,2021-4-26,NSE-Q,115740858,,-460.32-124.15,116,F,LIN_CNT2,"|789469874|"
\IRFORE,2021-4-27,NSE-Q,115740858,,-478.10-121.36,117,F,LIN_CNT2,"|801946337|"
\IRFORE,2021-4-28,NSE-Q,115740858,,-460.32-124.15,118,F,LIN_CNT2,"|789469874|"
\IRFORE,2021-4-29,NSE-Q,115740858,,-442.87-127.16,119,F,LIN_CNT2,"|776993410|"
\IRFORE,2021-4-30,NSE-Q,115740858,,-460.32-124.15,120,F,LIN_CNT2,"|789469874|"
\IRFORE,2021-5-1,NSE-Q,115740858,,-442.87-127.16,121,F,LIN_CNT2,"|776993410|"
\IRFORE,2021-5-2,NSE-Q,115740858,,-425.75-130.13,122,F,LIN_CNT2,"|764516947|"
\IRFORE,2021-5-3,NSE-Q,115740858,,-442.87-127.16,123,F,LIN_CNT2,"|776993410|"
\IRFORE,2021-5-4,NSE-Q,115740858,,-460.32-124.15,124,F,LIN_CNT2,"|789469874|"
\IRFORE,2021-5-5,NSE-Q,115740858,,-478.10-121.36,125,F,LIN_CNT2,"|801946337|"
\IRFORE,2021-5-6,NSE-Q,115740858,,-460.32-124.15,126,F,LIN_CNT2,"|789469874|"
\IRFORE,2021-5-7,NSE-Q,115740858,,-478.10-121.36,127,F,LIN_CNT2,"|801946337|"
\IRFORE,2021-5-8,NSE-Q,115740858,,-496.20-118.78,128,F,LIN_CNT2,"|814422800|"
\IRFORE,2021-5-9,NSE-Q,115740858,,-514.62-116.37,129,F,LIN_CNT2,"|826899263|"
\IRFORE,2021-5-10,NSE-Q,115740858,,-496.20-118.78,130,F,LIN_CNT2,"|814422800|"
\IRFORE,2021-5-11,NSE-Q,115740858,,-478.10-121.36,131,F,LIN_CNT2,"|801946337|"
\IRFORE,2021-5-12,NSE-Q,115740858,,-496.20-118.78,132,F,LIN_CNT2,"|814422800|"
\IRFORE,2021-5-13,NSE-Q,115740858,,-514.62-116.37,133,F,LIN_CNT2,"|826899263|"
\IRFORE,2021-5-14,NSE-Q,115740858,,-533.38-113.92,134,F,LIN_CNT2,"|839375727|"
\IRFORE,2021-5-15,NSE-Q,115740858,,-552.46-111.63,135,F,LIN_CNT2,"|851852190|"
\IRFORE,2021-5-16,NSE-Q,115740858,,-571.87-109.50,136,F,LIN_CNT2,"|864328653|"
\IRFORE,2021-5-17,NSE-Q,115740858,,-591.60-107.32,137,F,LIN_CNT2,"|876805116|"
\IRFORE,2021-5-18,NSE-Q,115740858,,-611.66-105.28,138,F,LIN_CNT2,"|889281580|"
\IRFORE,2021-5-19,NSE-Q,115740858,,-591.60-107.32,139,F,LIN_CNT2,"|876805116|"
\IRFORE,2021-5-20,NSE-Q,115740858,,-571.87-109.50,140,F,LIN_CNT2,"|864328653|"
\IRFORE,2021-5-21,NSE-Q,115740858,,-552.46-111.63,141,F,LIN_CNT2,"|851852190|"
\IRFORE,2021-5-22,NSE-Q,115740858,,-571.87-109.50,142,F,LIN_CNT2,"|864328653|"
\IRFORE,2021-5-23,NSE-Q,115740858,,-552.46-111.63,143,F,LIN_CNT2,"|851852190|"
\IRFORE,2021-5-24,NSE-Q,115740858,,-571.87-109.50,144,F,LIN_CNT2,"|864328653|"
\IRFORE,2021-5-25,NSE-Q,115740858,,-591.60-107.32,145,F,LIN_CNT2,"|876805116|"
\IRFORE,2021-5-26,NSE-Q,115740858,,-611.66-105.28,146,F,LIN_CNT2,"|889281580|"
\IRFORE,2021-5-27,NSE-Q,115740858,,-591.60-107.32,147,F,LIN_CNT2,"|876805116|"
\IRFORE,2021-5-28,NSE-Q,115740858,,-611.66-105.28,148,F,LIN_CNT2,"|889281580|"
\IRFORE,2021-5-29,NSE-Q,115740858,,-632.05-103.21,149,F,LIN_CNT2,"|901758043|"
\IRFORE,2021-5-30,NSE-Q,115740858,,-611.66-105.28,150,F,LIN_CNT2,"|889281580|"
\IRFORE,2021-5-31,NSE-Q,115740858,,-632.05-103.21,151,F,LIN_CNT2,"|901758043|"
\IRFORE,2021-6-1,NSE-Q,115740858,,-652.77-101.43,152,F,LIN_CNT2,"|914234506|"
\IRFORE,2021-6-2,NSE-Q,115740858,,-632.05-103.21,153,F,LIN_CNT2,"|901758043|"
\IRFORE,2021-6-3,NSE-Q,115740858,,-652.77-101.43,154,F,LIN_CNT2,"|914234506|"
\IRFORE,2021-6-4,NSE-Q,115740858,,-673.81-99.61,155,F,LIN_CNT2,"|926710969|"
\IRFORE,2021-6-5,NSE-Q,115740858,,-652.77-101.43,156,F,LIN_CNT2,"|914234506|"
\IRFORE,2021-6-6,NSE-Q,115740858,,-673.81-99.61,157,F,LIN_CNT2,"|926710969|"
\IRFORE,2021-6-7,NSE-Q,115740858,,-652.77-101.43,158,F,LIN_CNT2,"|914234506|"
\IRFORE,2021-6-8,NSE-Q,115740858,,-673.81-99.61,159,F,LIN_CNT2,"|926710969|"
\IRFORE,2021-6-9,NSE-Q,115740858,,-652.77-101.43,160,F,LIN_CNT2,"|914234506|"
\IRFORE,2021-6-10,NSE-Q,115740858,,-673.81-99.61,161,F,LIN_CNT2,"|926710969|"
\IRFORE,2021-6-11,NSE-Q,115740858,,-695.18-97.75,162,F,LIN_CNT2,"|939187433|"
\IRFORE,2021-6-12,NSE-Q,115740858,,-716.87-96.15,163,F,LIN_CNT2,"|951663896|"
\IRFORE,2021-6-13,NSE-Q,115740858,,-738.89-94.50,164,F,LIN_CNT2,"|964140359|"
\IRFORE,2021-6-14,NSE-Q,115740858,,-761.24-92.83,165,F,LIN_CNT2,"|976616822|"
\IRFORE,2021-6-15,NSE-Q,115740858,,-738.89-94.50,166,F,LIN_CNT2,"|964140359|"
\IRFORE,2021-6-16,NSE-Q,115740858,,-761.24-92.83,167,F,LIN_CNT2,"|976616822|"
\IRFORE,2021-6-17,NSE-Q,115740858,,-783.92-91.38,168,F,LIN_CNT2,"|989093286|"
\IRFORE,2021-6-18,NSE-Q,115740858,,-806.92-89.89,169,F,LIN_CNT2,"|1001569749|"
\IRFORE,2021-6-19,NSE-Q,115740858,,-830.25-88.38,170,F,LIN_CNT2,"|1014046212|"
\IRFORE,2021-6-20,NSE-Q,115740858,,-853.90-87.05,171,F,LIN_CNT2,"|1026522675|"
\IRFORE,2021-6-21,NSE-Q,115740858,,-877.88-85.70,172,F,LIN_CNT2,"|1038999139|"
\IRFORE,2021-6-22,NSE-Q,115740858,,-853.90-87.05,173,F,LIN_CNT2,"|1026522675|"
\IRFORE,2021-6-23,NSE-Q,115740858,,-830.25-88.38,174,F,LIN_CNT2,"|1014046212|"
\IRFORE,2021-6-24,NSE-Q,115740858,,-806.92-89.89,175,F,LIN_CNT2,"|1001569749|"
\IRFORE,2021-6-25,NSE-Q,115740858,,-783.92-91.38,176,F,LIN_CNT2,"|989093286|"
\IRFORE,2021-6-26,NSE-Q,115740858,,-806.92-89.89,177,F,LIN_CNT2,"|1001569749|"
\IRFORE,2021-6-27,NSE-Q,115740858,,-830.25-88.38,178,F,LIN_CNT2,"|1014046212|"
\IRFORE,2021-6-28,NSE-Q,115740858,,-853.90-87.05,179,F,LIN_CNT2,"|1026522675|"
\IRFORE,2021-6-29,NSE-Q,115740858,,-877.88-85.70,180,F,LIN_CNT2,"|1038999139|"
\IRFORE,2021-6-30,NSE-Q,115740858,,-902.19-84.33,181,F,LIN_CNT2,"|1051475602|"
\IRFORE,2021-7-1,NSE-Q,115740858,,-877.88-85.70,182,F,LIN_CNT2,"|1038999139|"
\IRFORE,2021-7-2,NSE-Q,115740858,,-902.19-84.33,183,F,LIN_CNT2,"|1051475602|"
\IRFORE,2021-7-3,NSE-Q,115740858,,-926.83-83.11,184,F,LIN_CNT2,"|1063952065|"
\IRFORE,2021-7-4,NSE-Q,115740858,,-951.79-81.88,185,F,LIN_CNT2,"|1076428528|"
\IRFORE,2021-7-5,NSE-Q,115740858,,-977.08-80.62,186,F,LIN_CNT2,"|1088904992|"
\IRFORE,2021-7-6,NSE-Q,115740858,,-1002.69-79.51,187,F,LIN_CNT2,"|1101381455|"
\IRFORE,2021-7-7,NSE-Q,115740858,,-1028.63-78.38,188,F,LIN_CNT2,"|1113857918|"
\IRFORE,2021-7-8,NSE-Q,115740858,,-1054.90-77.30,189,F,LIN_CNT2,"|1126334381|"
\IRFORE,2021-7-9,NSE-Q,115740858,,-1028.63-78.38,190,F,LIN_CNT2,"|1113857918|"
\IRFORE,2021-7-10,NSE-Q,115740858,,-1002.69-79.51,191,F,LIN_CNT2,"|1101381455|"
\IRFORE,2021-7-11,NSE-Q,115740858,,-1028.63-78.38,192,F,LIN_CNT2,"|1113857918|"
\IRFORE,2021-7-12,NSE-Q,115740858,,-1002.69-79.51,193,F,LIN_CNT2,"|1101381455|"
\IRFORE,2021-7-13,NSE-Q,115740858,,-1028.63-78.38,194,F,LIN_CNT2,"|1113857918|"
\IRFORE,2021-7-14,NSE-Q,115740858,,-1054.90-77.30,195,F,LIN_CNT2,"|1126334381|"
\IRFORE,2021-7-15,NSE-Q,115740858,,-1028.63-78.38,196,F,LIN_CNT2,"|1113857918|"
\IRFORE,2021-7-16,NSE-Q,115740858,,-1054.90-77.30,197,F,LIN_CNT2,"|1126334381|"
\IRFORE,2021-7-17,NSE-Q,115740858,,-1028.63-78.38,198,F,LIN_CNT2,"|1113857918|"
\IRFORE,2021-7-18,NSE-Q,115740858,,-1002.69-79.51,199,F,LIN_CNT2,"|1101381455|"
\IRFORE,2021-7-19,NSE-Q,115740858,,-977.08-80.62,200,F,LIN_CNT2,"|1088904992|"
\IRFORE,2021-7-20,NSE-Q,115740858,,-1002.69-79.51,201,F,LIN_CNT2,"|1101381455|"
\IRFORE,2021-7-21,NSE-Q,115740858,,-977.08-80.62,202,F,LIN_CNT2,"|1088904992|"
\IRFORE,2021-7-22,NSE-Q,115740858,,-1002.69-79.51,203,F,LIN_CNT2,"|1101381455|"
\IRFORE,2021-7-23,NSE-Q,115740858,,-1028.63-78.38,204,F,LIN_CNT2,"|1113857918|"
\IRFORE,2021-7-24,NSE-Q,115740858,,-1054.90-77.30,205,F,LIN_CNT2,"|1126334381|"
\IRFORE,2021-7-25,NSE-Q,115740858,,-1081.50-76.21,206,F,LIN_CNT2,"|1138810845|"
\IRFORE,2021-7-26,NSE-Q,115740858,,-1108.42-75.16,207,F,LIN_CNT2,"|1151287308|"
\IRFORE,2021-7-27,NSE-Q,115740858,,-1135.67-74.17,208,F,LIN_CNT2,"|1163763771|"
\IRFORE,2021-7-28,NSE-Q,115740858,,-1108.42-75.16,209,F,LIN_CNT2,"|1151287308|"
\IRFORE,2021-7-29,NSE-Q,115740858,,-1135.67-74.17,210,F,LIN_CNT2,"|1163763771|"
\IRFORE,2021-7-30,NSE-Q,115740858,,-1108.42-75.16,211,F,LIN_CNT2,"|1151287308|"
\IRFORE,2021-7-31,NSE-Q,115740858,,-1135.67-74.17,212,F,LIN_CNT2,"|1163763771|"
\IRFORE,2021-8-1,NSE-Q,115740858,,-1163.25-73.16,213,F,LIN_CNT2,"|1176240234|"
\IRFORE,2021-8-2,NSE-Q,115740858,,-1191.15-72.20,214,F,LIN_CNT2,"|1188716698|"
\IRFORE,2021-8-3,NSE-Q,115740858,,-1219.38-71.28,215,F,LIN_CNT2,"|1201193161|"
\IRFORE,2021-8-4,NSE-Q,115740858,,-1247.93-70.40,216,F,LIN_CNT2,"|1213669624|"
\IRFORE,2021-8-5,NSE-Q,115740858,,-1219.38-71.28,217,F,LIN_CNT2,"|1201193161|"
\IRFORE,2021-8-6,NSE-Q,115740858,,-1191.15-72.20,218,F,LIN_CNT2,"|1188716698|"
\IRFORE,2021-8-7,NSE-Q,115740858,,-1219.38-71.28,219,F,LIN_CNT2,"|1201193161|"
\IRFORE,2021-8-8,NSE-Q,115740858,,-1191.15-72.20,220,F,LIN_CNT2,"|1188716698|"
\IRFORE,2021-8-9,NSE-Q,115740858,,-1219.38-71.28,221,F,LIN_CNT2,"|1201193161|"
\IRFORE,2021-8-10,NSE-Q,115740858,,-1247.93-70.40,222,F,LIN_CNT2,"|1213669624|"
\IRFORE,2021-8-11,NSE-Q,115740858,,-1219.38-71.28,223,F,LIN_CNT2,"|1201193161|"
\IRFORE,2021-8-12,NSE-Q,115740858,,-1191.15-72.20,224,F,LIN_CNT2,"|1188716698|"
\IRFORE,2021-8-13,NSE-Q,115740858,,-1163.25-73.16,225,F,LIN_CNT2,"|1176240234|"
\IRFORE,2021-8-14,NSE-Q,115740858,,-1191.15-72.20,226,F,LIN_CNT2,"|1188716698|"
\IRFORE,2021-8-15,NSE-Q,115740858,,-1163.25-73.16,227,F,LIN_CNT2,"|1176240234|"
\IRFORE,2021-8-16,NSE-Q,115740858,,-1191.15-72.20,228,F,LIN_CNT2,"|1188716698|"
\IRFORE,2021-8-17,NSE-Q,115740858,,-1219.38-71.28,229,F,LIN_CNT2,"|1201193161|"
\IRFORE,2021-8-18,NSE-Q,115740858,,-1191.15-72.20,230,F,LIN_CNT2,"|1188716698|"
\IRFORE,2021-8-19,NSE-Q,115740858,,-1219.38-71.28,231,F,LIN_CNT2,"|1201193161|"
\IRFORE,2021-8-20,NSE-Q,115740858,,-1191.15-72.20,232,F,LIN_CNT2,"|1188716698|"
\IRFORE,2021-8-21,NSE-Q,115740858,,-1219.38-71.28,233,F,LIN_CNT2,"|1201193161|"
\IRFORE,2021-8-22,NSE-Q,115740858,,-1247.93-70.40,234,F,LIN_CNT2,"|1213669624|"
\IRFORE,2021-8-23,NSE-Q,115740858,,-1219.38-71.28,235,F,LIN_CNT2,"|1201193161|"
\IRFORE,2021-8-24,NSE-Q,115740858,,-1191.15-72.20,236,F,LIN_CNT2,"|1188716698|"
\IRFORE,2021-8-25,NSE-Q,115740858,,-1219.38-71.28,237,F,LIN_CNT2,"|1201193161|"
\IRFORE,2021-8-26,NSE-Q,115740858,,-1247.93-70.40,238,F,LIN_CNT2,"|1213669624|"
\IRFORE,2021-8-27,NSE-Q,115740858,,-1276.81-69.51,239,F,LIN_CNT2,"|1226146087|"
\IRFORE,2021-8-28,NSE-Q,115740858,,-1306.02-68.61,240,F,LIN_CNT2,"|1238622551|"
\IRFORE,2021-8-29,NSE-Q,115740858,,-1335.56-67.79,241,F,LIN_CNT2,"|1251099014|"
\IRFORE,2021-8-30,NSE-Q,115740858,,-1365.42-66.96,242,F,LIN_CNT2,"|1263575477|"
\IRFORE,2021-8-31,NSE-Q,115740858,,-1395.61-66.17,243,F,LIN_CNT2,"|1276051940|"
\IRFORE,2021-9-1,NSE-Q,115740858,,-1426.13-65.36,244,F,LIN_CNT2,"|1288528404|"
\IRFORE,2021-9-2,NSE-Q,115740858,,-1395.61-66.17,245,F,LIN_CNT2,"|1276051940|"
\IRFORE,2021-9-3,NSE-Q,115740858,,-1426.13-65.36,246,F,LIN_CNT2,"|1288528404|"
\IRFORE,2021-9-4,NSE-Q,115740858,,-1395.61-66.17,247,F,LIN_CNT2,"|1276051940|"
\IRFORE,2021-9-5,NSE-Q,115740858,,-1426.13-65.36,248,F,LIN_CNT2,"|1288528404|"
\IRFORE,2021-9-6,NSE-Q,115740858,,-1456.97-64.64,249,F,LIN_CNT2,"|1301004867|"
\IRFORE,2021-9-7,NSE-Q,115740858,,-1488.14-63.85,250,F,LIN_CNT2,"|1313481330|"
\IRFORE,2021-9-8,NSE-Q,115740858,,-1456.97-64.64,251,F,LIN_CNT2,"|1301004867|"
\IRFORE,2021-9-9,NSE-Q,115740858,,-1488.14-63.85,252,F,LIN_CNT2,"|1313481330|"
\IRFORE,2021-9-10,NSE-Q,115740858,,-1519.63-63.14,253,F,LIN_CNT2,"|1325957793|"
\IRFORE,2021-9-11,NSE-Q,115740858,,-1551.46-62.42,254,F,LIN_CNT2,"|1338434257|"
\IRFORE,2021-9-12,NSE-Q,115740858,,-1519.63-63.14,255,F,LIN_CNT2,"|1325957793|"
\IRFORE,2021-9-13,NSE-Q,115740858,,-1551.46-62.42,256,F,LIN_CNT2,"|1338434257|"
\IRFORE,2021-9-14,NSE-Q,115740858,,-1583.61-61.73,257,F,LIN_CNT2,"|1350910720|"
\IRFORE,2021-9-15,NSE-Q,115740858,,-1616.08-61.03,258,F,LIN_CNT2,"|1363387183|"
\IRFORE,2021-9-16,NSE-Q,115740858,,-1648.89-60.39,259,F,LIN_CNT2,"|1375863646|"
\IRFORE,2021-9-17,NSE-Q,115740858,,-1682.02-59.71,260,F,LIN_CNT2,"|1388340110|"
\IRFORE,2021-9-18,NSE-Q,115740858,,-1715.47-59.09,261,F,LIN_CNT2,"|1400816573|"
\IRFORE,2021-9-19,NSE-Q,115740858,,-1749.25-58.45,262,F,LIN_CNT2,"|1413293036|"
\IRFORE,2021-9-20,NSE-Q,115740858,,-1783.36-57.84,263,F,LIN_CNT2,"|1425769499|"
\IRFORE,2021-9-21,NSE-Q,115740858,,-1749.25-58.45,264,F,LIN_CNT2,"|1413293036|"
\IRFORE,2021-9-22,NSE-Q,115740858,,-1715.47-59.09,265,F,LIN_CNT2,"|1400816573|"
\IRFORE,2021-9-23,NSE-Q,115740858,,-1682.02-59.71,266,F,LIN_CNT2,"|1388340110|"
\IRFORE,2021-9-24,NSE-Q,115740858,,-1715.47-59.09,267,F,LIN_CNT2,"|1400816573|"
\IRFORE,2021-9-25,NSE-Q,115740858,,-1749.25-58.45,268,F,LIN_CNT2,"|1413293036|"
\IRFORE,2021-9-26,NSE-Q,115740858,,-1783.36-57.84,269,F,LIN_CNT2,"|1425769499|"
\IRFORE,2021-9-27,NSE-Q,115740858,,-1749.25-58.45,270,F,LIN_CNT2,"|1413293036|"
\IRFORE,2021-9-28,NSE-Q,115740858,,-1783.36-57.84,271,F,LIN_CNT2,"|1425769499|"
\IRFORE,2021-9-29,NSE-Q,115740858,,-1817.80-57.26,272,F,LIN_CNT2,"|1438245963|"
\IRFORE,2021-9-30,NSE-Q,115740858,,-1852.56-56.66,273,F,LIN_CNT2,"|1450722426|"
\IRFORE,2021-10-1,NSE-Q,115740858,,-1887.65-56.09,274,F,LIN_CNT2,"|1463198889|"
\IRFORE,2021-10-2,NSE-Q,115740858,,-1923.07-55.51,275,F,LIN_CNT2,"|1475675352|"
\IRFORE,2021-10-3,NSE-Q,115740858,,-1958.81-54.98,276,F,LIN_CNT2,"|1488151816|"
\IRFORE,2021-10-4,NSE-Q,115740858,,-1923.07-55.51,277,F,LIN_CNT2,"|1475675352|"
\IRFORE,2021-10-5,NSE-Q,115740858,,-1958.81-54.98,278,F,LIN_CNT2,"|1488151816|"
\IRFORE,2021-10-6,NSE-Q,115740858,,-1994.88-54.44,279,F,LIN_CNT2,"|1500628279|"
\IRFORE,2021-10-7,NSE-Q,115740858,,-2031.28-53.89,280,F,LIN_CNT2,"|1513104742|"
\IRFORE,2021-10-8,NSE-Q,115740858,,-2068.00-53.36,281,F,LIN_CNT2,"|1525581205|"
\IRFORE,2021-10-9,NSE-Q,115740858,,-2031.28-53.89,282,F,LIN_CNT2,"|1513104742|"
\IRFORE,2021-10-10,NSE-Q,115740858,,-2068.00-53.36,283,F,LIN_CNT2,"|1525581205|"
\IRFORE,2021-10-11,NSE-Q,115740858,,-2105.05-52.86,284,F,LIN_CNT2,"|1538057669|"
\IRFORE,2021-10-12,NSE-Q,115740858,,-2068.00-53.36,285,F,LIN_CNT2,"|1525581205|"
\IRFORE,2021-10-13,NSE-Q,115740858,,-2105.05-52.86,286,F,LIN_CNT2,"|1538057669|"
\IRFORE,2021-10-14,NSE-Q,115740858,,-2142.43-52.36,287,F,LIN_CNT2,"|1550534132|"
\IRFORE,2021-10-15,NSE-Q,115740858,,-2180.13-51.86,288,F,LIN_CNT2,"|1563010595|"
\IRFORE,2021-10-16,NSE-Q,115740858,,-2142.43-52.36,289,F,LIN_CNT2,"|1550534132|"
\IRFORE,2021-10-17,NSE-Q,115740858,,-2180.13-51.86,290,F,LIN_CNT2,"|1563010595|"
\IRFORE,2021-10-18,NSE-Q,115740858,,-2142.43-52.36,291,F,LIN_CNT2,"|1550534132|"
\IRFORE,2021-10-19,NSE-Q,115740858,,-2105.05-52.86,292,F,LIN_CNT2,"|1538057669|"
\IRFORE,2021-10-20,NSE-Q,115740858,,-2142.43-52.36,293,F,LIN_CNT2,"|1550534132|"
\IRFORE,2021-10-21,NSE-Q,115740858,,-2180.13-51.86,294,F,LIN_CNT2,"|1563010595|"
\IRFORE,2021-10-22,NSE-Q,115740858,,-2218.16-51.38,295,F,LIN_CNT2,"|1575487058|"
\IRFORE,2021-10-23,NSE-Q,115740858,,-2256.52-50.92,296,F,LIN_CNT2,"|1587963522|"
\IRFORE,2021-10-24,NSE-Q,115740858,,-2295.20-50.45,297,F,LIN_CNT2,"|1600439985|"
\IRFORE,2021-10-25,NSE-Q,115740858,,-2334.21-49.99,298,F,LIN_CNT2,"|1612916448|"
\IRFORE,2021-10-26,NSE-Q,115740858,,-2373.55-49.55,299,F,LIN_CNT2,"|1625392911|"
\IRFORE,2021-10-27,NSE-Q,115740858,,-2413.21-49.10,300,F,LIN_CNT2,"|1637869375|"
\IRFORE,2021-10-28,NSE-Q,115740858,,-2453.20-48.67,301,F,LIN_CNT2,"|1650345838|"
\IRFORE,2021-10-29,NSE-Q,115740858,,-2413.21-49.10,302,F,LIN_CNT2,"|1637869375|"
\IRFORE,2021-10-30,NSE-Q,115740858,,-2453.20-48.67,303,F,LIN_CNT2,"|1650345838|"
\IRFORE,2021-10-31,NSE-Q,115740858,,-2493.52-48.25,304,F,LIN_CNT2,"|1662822301|"
\IRFORE,2021-11-1,NSE-Q,115740858,,-2534.16-47.82,305,F,LIN_CNT2,"|1675298764|"
\IRFORE,2021-11-2,NSE-Q,115740858,,-2575.13-47.41,306,F,LIN_CNT2,"|1687775228|"
\IRFORE,2021-11-3,NSE-Q,115740858,,-2616.43-47.02,307,F,LIN_CNT2,"|1700251691|"
\IRFORE,2021-11-4,NSE-Q,115740858,,-2658.06-46.61,308,F,LIN_CNT2,"|1712728154|"
\IRFORE,2021-11-5,NSE-Q,115740858,,-2616.43-47.02,309,F,LIN_CNT2,"|1700251691|"
\IRFORE,2021-11-6,NSE-Q,115740858,,-2658.06-46.61,310,F,LIN_CNT2,"|1712728154|"
\IRFORE,2021-11-7,NSE-Q,115740858,,-2700.01-46.22,311,F,LIN_CNT2,"|1725204617|"
\IRFORE,2021-11-8,NSE-Q,115740858,,-2742.28-45.84,312,F,LIN_CNT2,"|1737681081|"
\IRFORE,2021-11-9,NSE-Q,115740858,,-2784.89-45.48,313,F,LIN_CNT2,"|1750157544|"
\IRFORE,2021-11-10,NSE-Q,115740858,,-2742.28-45.84,314,F,LIN_CNT2,"|1737681081|"
\IRFORE,2021-11-11,NSE-Q,115740858,,-2784.89-45.48,315,F,LIN_CNT2,"|1750157544|"
\IRFORE,2021-11-12,NSE-Q,115740858,,-2827.82-45.10,316,F,LIN_CNT2,"|1762634007|"
\IRFORE,2021-11-13,NSE-Q,115740858,,-2871.08-44.73,317,F,LIN_CNT2,"|1775110470|"
\IRFORE,2021-11-14,NSE-Q,115740858,,-2914.66-44.38,318,F,LIN_CNT2,"|1787586934|"
\IRFORE,2021-11-15,NSE-Q,115740858,,-2958.57-44.02,319,F,LIN_CNT2,"|1800063397|"
\IRFORE,2021-11-16,NSE-Q,115740858,,-3002.81-43.68,320,F,LIN_CNT2,"|1812539860|"
\IRFORE,2021-11-17,NSE-Q,115740858,,-3047.37-43.33,321,F,LIN_CNT2,"|1825016323|"
\IRFORE,2021-11-18,NSE-Q,115740858,,-3092.26-42.99,322,F,LIN_CNT2,"|1837492787|"
\IRFORE,2021-11-19,NSE-Q,115740858,,-3137.48-42.66,323,F,LIN_CNT2,"|1849969250|"
\IRFORE,2021-11-20,NSE-Q,115740858,,-3183.02-42.33,324,F,LIN_CNT2,"|1862445713|"
\IRFORE,2021-11-21,NSE-Q,115740858,,-3137.48-42.66,325,F,LIN_CNT2,"|1849969250|"
\IRFORE,2021-11-22,NSE-Q,115740858,,-3092.26-42.99,326,F,LIN_CNT2,"|1837492787|"
\IRFORE,2021-11-23,NSE-Q,115740858,,-3137.48-42.66,327,F,LIN_CNT2,"|1849969250|"
\IRFORE,2021-11-24,NSE-Q,115740858,,-3183.02-42.33,328,F,LIN_CNT2,"|1862445713|"
\IRFORE,2021-11-25,NSE-Q,115740858,,-3228.90-42.02,329,F,LIN_CNT2,"|1874922176|"
\IRFORE,2021-11-26,NSE-Q,115740858,,-3275.09-41.69,330,F,LIN_CNT2,"|1887398640|"
\IRFORE,2021-11-27,NSE-Q,115740858,,-3321.62-41.38,331,F,LIN_CNT2,"|1899875103|"
\IRFORE,2021-11-28,NSE-Q,115740858,,-3275.09-41.69,332,F,LIN_CNT2,"|1887398640|"
\IRFORE,2021-11-29,NSE-Q,115740858,,-3321.62-41.38,333,F,LIN_CNT2,"|1899875103|"
\IRFORE,2021-11-30,NSE-Q,115740858,,-3368.47-41.07,334,F,LIN_CNT2,"|1912351566|"
\IRFORE,2021-12-1,NSE-Q,115740858,,-3321.62-41.38,335,F,LIN_CNT2,"|1899875103|"
\IRFORE,2021-12-2,NSE-Q,115740858,,-3368.47-41.07,336,F,LIN_CNT2,"|1912351566|"
\IRFORE,2021-12-3,NSE-Q,115740858,,-3415.65-40.77,337,F,LIN_CNT2,"|1924828029|"
\IRFORE,2021-12-4,NSE-Q,115740858,,-3463.15-40.47,338,F,LIN_CNT2,"|1937304493|"
\IRFORE,2021-12-5,NSE-Q,115740858,,-3510.98-40.18,339,F,LIN_CNT2,"|1949780956|"
\IRFORE,2021-12-6,NSE-Q,115740858,,-3463.15-40.47,340,F,LIN_CNT2,"|1937304493|"
\IRFORE,2021-12-7,NSE-Q,115740858,,-3415.65-40.77,341,F,LIN_CNT2,"|1924828029|"
\IRFORE,2021-12-8,NSE-Q,115740858,,-3463.15-40.47,342,F,LIN_CNT2,"|1937304493|"
\IRFORE,2021-12-9,NSE-Q,115740858,,-3415.65-40.77,343,F,LIN_CNT2,"|1924828029|"
\IRFORE,2021-12-10,NSE-Q,115740858,,-3368.47-41.07,344,F,LIN_CNT2,"|1912351566|"
\IRFORE,2021-12-11,NSE-Q,115740858,,-3415.65-40.77,345,F,LIN_CNT2,"|1924828029|"
\IRFORE,2021-12-12,NSE-Q,115740858,,-3463.15-40.47,346,F,LIN_CNT2,"|1937304493|"
\IRFORE,2021-12-13,NSE-Q,115740858,,-3510.98-40.18,347,F,LIN_CNT2,"|1949780956|"
\IRFORE,2021-12-14,NSE-Q,115740858,,-3559.14-39.88,348,F,LIN_CNT2,"|1962257419|"
\IRFORE,2021-12-15,NSE-Q,115740858,,-3510.98-40.18,349,F,LIN_CNT2,"|1949780956|"
\IRFORE,2021-12-16,NSE-Q,115740858,,-3559.14-39.88,350,F,LIN_CNT2,"|1962257419|"
\IRFORE,2021-12-17,NSE-Q,115740858,,-3510.98-40.18,351,F,LIN_CNT2,"|1949780956|"
\IRFORE,2021-12-18,NSE-Q,115740858,,-3559.14-39.88,352,F,LIN_CNT2,"|1962257419|"
\IRFORE,2021-12-19,NSE-Q,115740858,,-3607.62-39.60,353,F,LIN_CNT2,"|1974733882|"
\IRFORE,2021-12-20,NSE-Q,115740858,,-3559.14-39.88,354,F,LIN_CNT2,"|1962257419|"
\IRFORE,2021-12-21,NSE-Q,115740858,,-3607.62-39.60,355,F,LIN_CNT2,"|1974733882|"
\IRFORE,2021-12-22,NSE-Q,115740858,,-3656.44-39.32,356,F,LIN_CNT2,"|1987210346|"
\IRFORE,2021-12-23,NSE-Q,115740858,,-3705.57-39.04,357,F,LIN_CNT2,"|1999686809|"
\IRFORE,2021-12-24,NSE-Q,115740858,,-3755.04-38.76,358,F,LIN_CNT2,"|2012163272|"
\IRFORE,2021-12-25,NSE-Q,115740858,,-3804.83-38.50,359,F,LIN_CNT2,"|2024639735|"
\IRFORE,2021-12-26,NSE-Q,115740858,,-3854.95-38.24,360,F,LIN_CNT2,"|2037116199|"
\IRFORE,2021-12-27,NSE-Q,115740858,,-3905.39-37.97,361,F,LIN_CNT2,"|2049592662|"
\IRFORE,2021-12-28,NSE-Q,115740858,,-3956.16-37.71,362,F,LIN_CNT2,"|2062069125|"
\IRFORE,2021-12-29,NSE-Q,115740858,,-4007.26-37.45,363,F,LIN_CNT2,"|2074545588|"
\IRFORE,2021-12-30,NSE-Q,115740858,,-3956.16-37.71,364,F,LIN_CNT2,"|2062069125|"
\IRFORE,2021-12-31,NSE-Q,115740858,,-4007.26-37.45,365,F,LIN_CNT2,"|2074545588|"
\IRFORE,2022-1-1,NSE-Q,115740858,,-4058.69-37.20,366,F,LIN_CNT2,"|2087022052|"
\IRFORE,2022-1-2,NSE-Q,115740858,,-4110.44-36.95,367,F,LIN_CNT2,"|2099498515|"
\IRFORE,2022-1-3,NSE-Q,115740858,,-4058.69-37.20,368,F,LIN_CNT2,"|2087022052|"
\IRFORE,2022-1-4,NSE-Q,115740858,,-4110.44-36.95,369,F,LIN_CNT2,"|2099498515|"
\IRFORE,2022-1-5,NSE-Q,115740858,,-4058.69-37.20,370,F,LIN_CNT2,"|2087022052|"
\IRFORE,2022-1-6,NSE-Q,115740858,,-4007.26-37.45,371,F,LIN_CNT2,"|2074545588|"
\IRFORE,2022-1-7,NSE-Q,115740858,,-4058.69-37.20,372,F,LIN_CNT2,"|2087022052|"
\IRFORE,2022-1-8,NSE-Q,115740858,,-4007.26-37.45,373,F,LIN_CNT2,"|2074545588|"
\IRFORE,2022-1-9,NSE-Q,115740858,,-3956.16-37.71,374,F,LIN_CNT2,"|2062069125|"
\IRFORE,2022-1-10,NSE-Q,115740858,,-4007.26-37.45,375,F,LIN_CNT2,"|2074545588|"
\IRFORE,2022-1-11,NSE-Q,115740858,,-4058.69-37.20,376,F,LIN_CNT2,"|2087022052|"
\IRFORE,2022-1-12,NSE-Q,115740858,,-4110.44-36.95,377,F,LIN_CNT2,"|2099498515|"
\IRFORE,2022-1-13,NSE-Q,115740858,,-4162.52-36.71,378,F,LIN_CNT2,"|2111974978|"
\IRFORE,2022-1-14,NSE-Q,115740858,,-4110.44-36.95,379,F,LIN_CNT2,"|2099498515|"
\IRFORE,2022-1-15,NSE-Q,115740858,,-4162.52-36.71,380,F,LIN_CNT2,"|2111974978|"
\IRFORE,2022-1-16,NSE-Q,115740858,,-4110.44-36.95,381,F,LIN_CNT2,"|2099498515|"
\IRFORE,2022-1-17,NSE-Q,115740858,,-4058.69-37.20,382,F,LIN_CNT2,"|2087022052|"
\IRFORE,2022-1-18,NSE-Q,115740858,,-4110.44-36.95,383,F,LIN_CNT2,"|2099498515|"
\IRFORE,2022-1-19,NSE-Q,115740858,,-4162.52-36.71,384,F,LIN_CNT2,"|2111974978|"
\IRFORE,2022-1-20,NSE-Q,115740858,,-4214.92-36.47,385,F,LIN_CNT2,"|2124451441|"
\IRFORE,2022-1-21,NSE-Q,115740858,,-4267.65-36.23,386,F,LIN_CNT2,"|2136927905|"
\IRFORE,2022-1-22,NSE-Q,115740858,,-4214.92-36.47,387,F,LIN_CNT2,"|2124451441|"
\IRFORE,2022-1-23,NSE-Q,115740858,,-4162.52-36.71,388,F,LIN_CNT2,"|2111974978|"
\IRFORE,2022-1-24,NSE-Q,115740858,,-4110.44-36.95,389,F,LIN_CNT2,"|2099498515|"
\IRFORE,2022-1-25,NSE-Q,115740858,,-4162.52-36.71,390,F,LIN_CNT2,"|2111974978|"
\IRFORE,2022-1-26,NSE-Q,115740858,,-4110.44-36.95,391,F,LIN_CNT2,"|2099498515|"
\IRFORE,2022-1-27,NSE-Q,115740858,,-4058.69-37.20,392,F,LIN_CNT2,"|2087022052|"
\IRFORE,2022-1-28,NSE-Q,115740858,,-4110.44-36.95,393,F,LIN_CNT2,"|2099498515|"
\IRFORE,2022-1-29,NSE-Q,115740858,,-4162.52-36.71,394,F,LIN_CNT2,"|2111974978|"
\IRFORE,2022-1-30,NSE-Q,115740858,,-4214.92-36.47,395,F,LIN_CNT2,"|2124451441|"
\IRFORE,2022-1-31,NSE-Q,115740858,,-4162.52-36.71,396,F,LIN_CNT2,"|2111974978|"
\IRFORE,2022-2-1,NSE-Q,115740858,,-4214.92-36.47,397,F,LIN_CNT2,"|2124451441|"
\IRFORE,2022-2-2,NSE-Q,115740858,,-4162.52-36.71,398,F,LIN_CNT2,"|2111974978|"
\IRFORE,2022-2-3,NSE-Q,115740858,,-4214.92-36.47,399,F,LIN_CNT2,"|2124451441|"
\IRFORE,2022-2-4,NSE-Q,115740858,,-4267.65-36.23,400,F,LIN_CNT2,"|2136927905|"
\IRFORE,2022-2-5,NSE-Q,115740858,,-4320.71-35.99,401,F,LIN_CNT2,"|2149404368|"
\IRFORE,2022-2-6,NSE-Q,115740858,,-4267.65-36.23,402,F,LIN_CNT2,"|2136927905|"
\IRFORE,2022-2-7,NSE-Q,115740858,,-4320.71-35.99,403,F,LIN_CNT2,"|2149404368|"
\IRFORE,2022-2-8,NSE-Q,115740858,,-4374.10-35.75,404,F,LIN_CNT2,"|2161880831|"
\IRFORE,2022-2-9,NSE-Q,115740858,,-4427.81-35.53,405,F,LIN_CNT2,"|2174357294|"
\IRFORE,2022-2-10,NSE-Q,115740858,,-4481.85-35.30,406,F,LIN_CNT2,"|2186833758|"
\IRFORE,2022-2-11,NSE-Q,115740858,,-4536.21-35.07,407,F,LIN_CNT2,"|2199310221|"
\IRFORE,2022-2-12,NSE-Q,115740858,,-4481.85-35.30,408,F,LIN_CNT2,"|2186833758|"
\IRFORE,2022-2-13,NSE-Q,115740858,,-4536.21-35.07,409,F,LIN_CNT2,"|2199310221|"
\IRFORE,2022-2-14,NSE-Q,115740858,,-4590.90-34.86,410,F,LIN_CNT2,"|2211786684|"
\IRFORE,2022-2-15,NSE-Q,115740858,,-4645.92-34.64,411,F,LIN_CNT2,"|2224263147|"
\IRFORE,2022-2-16,NSE-Q,115740858,,-4701.27-34.42,412,F,LIN_CNT2,"|2236739611|"
\IRFORE,2022-2-17,NSE-Q,115740858,,-4756.94-34.21,413,F,LIN_CNT2,"|2249216074|"
\IRFORE,2022-2-18,NSE-Q,115740858,,-4812.94-34.00,414,F,LIN_CNT2,"|2261692537|"
\IRFORE,2022-2-19,NSE-Q,115740858,,-4869.27-33.79,415,F,LIN_CNT2,"|2274169000|"
\IRFORE,2022-2-20,NSE-Q,115740858,,-4925.92-33.59,416,F,LIN_CNT2,"|2286645464|"
\IRFORE,2022-2-21,NSE-Q,115740858,,-4982.90-33.38,417,F,LIN_CNT2,"|2299121927|"
\IRFORE,2022-2-22,NSE-Q,115740858,,-4925.92-33.59,418,F,LIN_CNT2,"|2286645464|"
\IRFORE,2022-2-23,NSE-Q,115740858,,-4982.90-33.38,419,F,LIN_CNT2,"|2299121927|"
\IRFORE,2022-2-24,NSE-Q,115740858,,-5040.20-33.18,420,F,LIN_CNT2,"|2311598390|"
\IRFORE,2022-2-25,NSE-Q,115740858,,-4982.90-33.38,421,F,LIN_CNT2,"|2299121927|"
\IRFORE,2022-2-26,NSE-Q,115740858,,-5040.20-33.18,422,F,LIN_CNT2,"|2311598390|"
\IRFORE,2022-2-27,NSE-Q,115740858,,-5097.83-32.98,423,F,LIN_CNT2,"|2324074853|"
\IRFORE,2022-2-28,NSE-Q,115740858,,-5155.79-32.79,424,F,LIN_CNT2,"|2336551317|"
\IRFORE,2022-3-1,NSE-Q,115740858,,-5097.83-32.98,425,F,LIN_CNT2,"|2324074853|"
\IRFORE,2022-3-2,NSE-Q,115740858,,-5040.20-33.18,426,F,LIN_CNT2,"|2311598390|"
\IRFORE,2022-3-3,NSE-Q,115740858,,-5097.83-32.98,427,F,LIN_CNT2,"|2324074853|"
\IRFORE,2022-3-4,NSE-Q,115740858,,-5155.79-32.79,428,F,LIN_CNT2,"|2336551317|"
\IRFORE,2022-3-5,NSE-Q,115740858,,-5214.08-32.59,429,F,LIN_CNT2,"|2349027780|"
\IRFORE,2022-3-6,NSE-Q,115740858,,-5155.79-32.79,430,F,LIN_CNT2,"|2336551317|"
\IRFORE,2022-3-7,NSE-Q,115740858,,-5097.83-32.98,431,F,LIN_CNT2,"|2324074853|"
\IRFORE,2022-3-8,NSE-Q,115740858,,-5155.79-32.79,432,F,LIN_CNT2,"|2336551317|"
\IRFORE,2022-3-9,NSE-Q,115740858,,-5214.08-32.59,433,F,LIN_CNT2,"|2349027780|"
\IRFORE,2022-3-10,NSE-Q,115740858,,-5155.79-32.79,434,F,LIN_CNT2,"|2336551317|"
\IRFORE,2022-3-11,NSE-Q,115740858,,-5214.08-32.59,435,F,LIN_CNT2,"|2349027780|"
\IRFORE,2022-3-12,NSE-Q,115740858,,-5272.69-32.40,436,F,LIN_CNT2,"|2361504243|"
\IRFORE,2022-3-13,NSE-Q,115740858,,-5331.63-32.21,437,F,LIN_CNT2,"|2373980706|"
\IRFORE,2022-3-14,NSE-Q,115740858,,-5272.69-32.40,438,F,LIN_CNT2,"|2361504243|"
\IRFORE,2022-3-15,NSE-Q,115740858,,-5331.63-32.21,439,F,LIN_CNT2,"|2373980706|"
\IRFORE,2022-3-16,NSE-Q,115740858,,-5272.69-32.40,440,F,LIN_CNT2,"|2361504243|"
\IRFORE,2022-3-17,NSE-Q,115740858,,-5331.63-32.21,441,F,LIN_CNT2,"|2373980706|"
\IRFORE,2022-3-18,NSE-Q,115740858,,-5272.69-32.40,442,F,LIN_CNT2,"|2361504243|"
\IRFORE,2022-3-19,NSE-Q,115740858,,-5331.63-32.21,443,F,LIN_CNT2,"|2373980706|"
\IRFORE,2022-3-20,NSE-Q,115740858,,-5272.69-32.40,444,F,LIN_CNT2,"|2361504243|"
\IRFORE,2022-3-21,NSE-Q,115740858,,-5331.63-32.21,445,F,LIN_CNT2,"|2373980706|"
\IRFORE,2022-3-22,NSE-Q,115740858,,-5390.90-32.03,446,F,LIN_CNT2,"|2386457170|"
\IRFORE,2022-3-23,NSE-Q,115740858,,-5331.63-32.21,447,F,LIN_CNT2,"|2373980706|"
\IRFORE,2022-3-24,NSE-Q,115740858,,-5390.90-32.03,448,F,LIN_CNT2,"|2386457170|"
\IRFORE,2022-3-25,NSE-Q,115740858,,-5331.63-32.21,449,F,LIN_CNT2,"|2373980706|"
\IRFORE,2022-3-26,NSE-Q,115740858,,-5272.69-32.40,450,F,LIN_CNT2,"|2361504243|"
\IRFORE,2022-3-27,NSE-Q,115740858,,-5214.08-32.59,451,F,LIN_CNT2,"|2349027780|"
\IRFORE,2022-3-28,NSE-Q,115740858,,-5272.69-32.40,452,F,LIN_CNT2,"|2361504243|"
\IRFORE,2022-3-29,NSE-Q,115740858,,-5331.63-32.21,453,F,LIN_CNT2,"|2373980706|"
\IRFORE,2022-3-30,NSE-Q,115740858,,-5390.90-32.03,454,F,LIN_CNT2,"|2386457170|"
\IRFORE,2022-3-31,NSE-Q,115740858,,-5331.63-32.21,455,F,LIN_CNT2,"|2373980706|"
\IRFORE,2022-4-1,NSE-Q,115740858,,-5272.69-32.40,456,F,LIN_CNT2,"|2361504243|"
\IRFORE,2022-4-2,NSE-Q,115740858,,-5331.63-32.21,457,F,LIN_CNT2,"|2373980706|"
\IRFORE,2022-4-3,NSE-Q,115740858,,-5390.90-32.03,458,F,LIN_CNT2,"|2386457170|"
\IRFORE,2022-4-4,NSE-Q,115740858,,-5450.49-31.84,459,F,LIN_CNT2,"|2398933633|"
\IRFORE,2022-4-5,NSE-Q,115740858,,-5390.90-32.03,460,F,LIN_CNT2,"|2386457170|"
\IRFORE,2022-4-6,NSE-Q,115740858,,-5331.63-32.21,461,F,LIN_CNT2,"|2373980706|"
\IRFORE,2022-4-7,NSE-Q,115740858,,-5272.69-32.40,462,F,LIN_CNT2,"|2361504243|"
\IRFORE,2022-4-8,NSE-Q,115740858,,-5331.63-32.21,463,F,LIN_CNT2,"|2373980706|"
\IRFORE,2022-4-9,NSE-Q,115740858,,-5390.90-32.03,464,F,LIN_CNT2,"|2386457170|"
\IRFORE,2022-4-10,NSE-Q,115740858,,-5331.63-32.21,465,F,LIN_CNT2,"|2373980706|"
\IRFORE,2022-4-11,NSE-Q,115740858,,-5390.90-32.03,466,F,LIN_CNT2,"|2386457170|"
\IRFORE,2022-4-12,NSE-Q,115740858,,-5450.49-31.84,467,F,LIN_CNT2,"|2398933633|"
\IRFORE,2022-4-13,NSE-Q,115740858,,-5390.90-32.03,468,F,LIN_CNT2,"|2386457170|"
\IRFORE,2022-4-14,NSE-Q,115740858,,-5450.49-31.84,469,F,LIN_CNT2,"|2398933633|"
\IRFORE,2022-4-15,NSE-Q,115740858,,-5510.41-31.66,470,F,LIN_CNT2,"|2411410096|"
\IRFORE,2022-4-16,NSE-Q,115740858,,-5570.65-31.48,471,F,LIN_CNT2,"|2423886559|"
\IRFORE,2022-4-17,NSE-Q,115740858,,-5631.23-31.30,472,F,LIN_CNT2,"|2436363023|"
\IRFORE,2022-4-18,NSE-Q,115740858,,-5692.13-31.12,473,F,LIN_CNT2,"|2448839486|"
\IRFORE,2022-4-19,NSE-Q,115740858,,-5753.35-30.95,474,F,LIN_CNT2,"|2461315949|"
\IRFORE,2022-4-20,NSE-Q,115740858,,-5692.13-31.12,475,F,LIN_CNT2,"|2448839486|"
\IRFORE,2022-4-21,NSE-Q,115740858,,-5753.35-30.95,476,F,LIN_CNT2,"|2461315949|"
\IRFORE,2022-4-22,NSE-Q,115740858,,-5814.90-30.78,477,F,LIN_CNT2,"|2473792412|"
\IRFORE,2022-4-23,NSE-Q,115740858,,-5876.78-30.61,478,F,LIN_CNT2,"|2486268876|"
\IRFORE,2022-4-24,NSE-Q,115740858,,-5938.99-30.44,479,F,LIN_CNT2,"|2498745339|"
\IRFORE,2022-4-25,NSE-Q,115740858,,-6001.52-30.27,480,F,LIN_CNT2,"|2511221802|"
\IRFORE,2022-4-26,NSE-Q,115740858,,-5938.99-30.44,481,F,LIN_CNT2,"|2498745339|"
\IRFORE,2022-4-27,NSE-Q,115740858,,-6001.52-30.27,482,F,LIN_CNT2,"|2511221802|"
\IRFORE,2022-4-28,NSE-Q,115740858,,-6064.38-30.11,483,F,LIN_CNT2,"|2523698265|"
\IRFORE,2022-4-29,NSE-Q,115740858,,-6127.57-29.94,484,F,LIN_CNT2,"|2536174729|"
\IRFORE,2022-4-30,NSE-Q,115740858,,-6191.08-29.78,485,F,LIN_CNT2,"|2548651192|"
\IRFORE,2022-5-1,NSE-Q,115740858,,-6254.92-29.62,486,F,LIN_CNT2,"|2561127655|"
\IRFORE,2022-5-2,NSE-Q,115740858,,-6319.09-29.46,487,F,LIN_CNT2,"|2573604118|"
\IRFORE,2022-5-3,NSE-Q,115740858,,-6254.92-29.62,488,F,LIN_CNT2,"|2561127655|"
\IRFORE,2022-5-4,NSE-Q,115740858,,-6319.09-29.46,489,F,LIN_CNT2,"|2573604118|"
\IRFORE,2022-5-5,NSE-Q,115740858,,-6383.58-29.31,490,F,LIN_CNT2,"|2586080582|"
\IRFORE,2022-5-6,NSE-Q,115740858,,-6448.40-29.15,491,F,LIN_CNT2,"|2598557045|"
\IRFORE,2022-5-7,NSE-Q,115740858,,-6513.55-29.00,492,F,LIN_CNT2,"|2611033508|"
\IRFORE,2022-5-8,NSE-Q,115740858,,-6448.40-29.15,493,F,LIN_CNT2,"|2598557045|"
\IRFORE,2022-5-9,NSE-Q,115740858,,-6383.58-29.31,494,F,LIN_CNT2,"|2586080582|"
\IRFORE,2022-5-10,NSE-Q,115740858,,-6319.09-29.46,495,F,LIN_CNT2,"|2573604118|"
\IRFORE,2022-5-11,NSE-Q,115740858,,-6383.58-29.31,496,F,LIN_CNT2,"|2586080582|"
\IRFORE,2022-5-12,NSE-Q,115740858,,-6448.40-29.15,497,F,LIN_CNT2,"|2598557045|"
\IRFORE,2022-5-13,NSE-Q,115740858,,-6513.55-29.00,498,F,LIN_CNT2,"|2611033508|"
\IRFORE,2022-5-14,NSE-Q,115740858,,-6448.40-29.15,499,F,LIN_CNT2,"|2598557045|"
\IRFORE,2022-5-15,NSE-Q,115740858,,-6383.58-29.31,500,F,LIN_CNT2,"|2586080582|"
\IRFORE,2022-5-16,NSE-Q,115740858,,-6448.40-29.15,501,F,LIN_CNT2,"|2598557045|"
\IRFORE,2022-5-17,NSE-Q,115740858,,-6513.55-29.00,502,F,LIN_CNT2,"|2611033508|"
\IRFORE,2022-5-18,NSE-Q,115740858,,-6579.02-28.85,503,F,LIN_CNT2,"|2623509971|"
\IRFORE,2022-5-19,NSE-Q,115740858,,-6644.82-28.70,504,F,LIN_CNT2,"|2635986435|"
\IRFORE,2022-5-20,NSE-Q,115740858,,-6710.95-28.55,505,F,LIN_CNT2,"|2648462898|"
\IRFORE,2022-5-21,NSE-Q,115740858,,-6777.40-28.40,506,F,LIN_CNT2,"|2660939361|"
\IRFORE,2022-5-22,NSE-Q,115740858,,-6844.18-28.26,507,F,LIN_CNT2,"|2673415824|"
\IRFORE,2022-5-23,NSE-Q,115740858,,-6911.29-28.11,508,F,LIN_CNT2,"|2685892288|"
\IRFORE,2022-5-24,NSE-Q,115740858,,-6978.72-27.97,509,F,LIN_CNT2,"|2698368751|"
\IRFORE,2022-5-25,NSE-Q,115740858,,-7046.48-27.83,510,F,LIN_CNT2,"|2710845214|"
\IRFORE,2022-5-26,NSE-Q,115740858,,-7114.57-27.69,511,F,LIN_CNT2,"|2723321677|"
\IRFORE,2022-5-27,NSE-Q,115740858,,-7182.98-27.56,512,F,LIN_CNT2,"|2735798141|"
\IRFORE,2022-5-28,NSE-Q,115740858,,-7251.72-27.42,513,F,LIN_CNT2,"|2748274604|"
\IRFORE,2022-5-29,NSE-Q,115740858,,-7320.79-27.28,514,F,LIN_CNT2,"|2760751067|"
\IRFORE,2022-5-30,NSE-Q,115740858,,-7251.72-27.42,515,F,LIN_CNT2,"|2748274604|"
\IRFORE,2022-5-31,NSE-Q,115740858,,-7182.98-27.56,516,F,LIN_CNT2,"|2735798141|"
\IRFORE,2022-6-1,NSE-Q,115740858,,-7251.72-27.42,517,F,LIN_CNT2,"|2748274604|"
\IRFORE,2022-6-2,NSE-Q,115740858,,-7320.79-27.28,518,F,LIN_CNT2,"|2760751067|"
\IRFORE,2022-6-3,NSE-Q,115740858,,-7251.72-27.42,519,F,LIN_CNT2,"|2748274604|"
\IRFORE,2022-6-4,NSE-Q,115740858,,-7182.98-27.56,520,F,LIN_CNT2,"|2735798141|"
\IRFORE,2022-6-5,NSE-Q,115740858,,-7251.72-27.42,521,F,LIN_CNT2,"|2748274604|"
\IRFORE,2022-6-6,NSE-Q,115740858,,-7182.98-27.56,522,F,LIN_CNT2,"|2735798141|"
\IRFORE,2022-6-7,NSE-Q,115740858,,-7114.57-27.69,523,F,LIN_CNT2,"|2723321677|"
\IRFORE,2022-6-8,NSE-Q,115740858,,-7046.48-27.83,524,F,LIN_CNT2,"|2710845214|"
\IRFORE,2022-6-9,NSE-Q,115740858,,-7114.57-27.69,525,F,LIN_CNT2,"|2723321677|"
\IRFORE,2022-6-10,NSE-Q,115740858,,-7182.98-27.56,526,F,LIN_CNT2,"|2735798141|"
\IRFORE,2022-6-11,NSE-Q,115740858,,-7251.72-27.42,527,F,LIN_CNT2,"|2748274604|"
\IRFORE,2022-6-12,NSE-Q,115740858,,-7320.79-27.28,528,F,LIN_CNT2,"|2760751067|"
\IRFORE,2022-6-13,NSE-Q,115740858,,-7390.18-27.15,529,F,LIN_CNT2,"|2773227530|"
\IRFORE,2022-6-14,NSE-Q,115740858,,-7459.90-27.02,530,F,LIN_CNT2,"|2785703994|"
\IRFORE,2022-6-15,NSE-Q,115740858,,-7390.18-27.15,531,F,LIN_CNT2,"|2773227530|"
\IRFORE,2022-6-16,NSE-Q,115740858,,-7459.90-27.02,532,F,LIN_CNT2,"|2785703994|"
\IRFORE,2022-6-17,NSE-Q,115740858,,-7529.95-26.88,533,F,LIN_CNT2,"|2798180457|"
\IRFORE,2022-6-18,NSE-Q,115740858,,-7600.32-26.75,534,F,LIN_CNT2,"|2810656920|"
\IRFORE,2022-6-19,NSE-Q,115740858,,-7529.95-26.88,535,F,LIN_CNT2,"|2798180457|"
\IRFORE,2022-6-20,NSE-Q,115740858,,-7600.32-26.75,536,F,LIN_CNT2,"|2810656920|"
\IRFORE,2022-6-21,NSE-Q,115740858,,-7671.02-26.62,537,F,LIN_CNT2,"|2823133383|"
\IRFORE,2022-6-22,NSE-Q,115740858,,-7742.05-26.49,538,F,LIN_CNT2,"|2835609847|"
\IRFORE,2022-6-23,NSE-Q,115740858,,-7813.40-26.37,539,F,LIN_CNT2,"|2848086310|"
\IRFORE,2022-6-24,NSE-Q,115740858,,-7742.05-26.49,540,F,LIN_CNT2,"|2835609847|"
\IRFORE,2022-6-25,NSE-Q,115740858,,-7813.40-26.37,541,F,LIN_CNT2,"|2848086310|"
\IRFORE,2022-6-26,NSE-Q,115740858,,-7742.05-26.49,542,F,LIN_CNT2,"|2835609847|"
\IRFORE,2022-6-27,NSE-Q,115740858,,-7813.40-26.37,543,F,LIN_CNT2,"|2848086310|"
\IRFORE,2022-6-28,NSE-Q,115740858,,-7885.08-26.24,544,F,LIN_CNT2,"|2860562773|"
\IRFORE,2022-6-29,NSE-Q,115740858,,-7957.09-26.12,545,F,LIN_CNT2,"|2873039236|"
\IRFORE,2022-6-30,NSE-Q,115740858,,-8029.43-26.00,546,F,LIN_CNT2,"|2885515700|"
\IRFORE,2022-7-1,NSE-Q,115740858,,-7957.09-26.12,547,F,LIN_CNT2,"|2873039236|"
\IRFORE,2022-7-2,NSE-Q,115740858,,-8029.43-26.00,548,F,LIN_CNT2,"|2885515700|"
\IRFORE,2022-7-3,NSE-Q,115740858,,-8102.09-25.87,549,F,LIN_CNT2,"|2897992163|"
\IRFORE,2022-7-4,NSE-Q,115740858,,-8029.43-26.00,550,F,LIN_CNT2,"|2885515700|"
\IRFORE,2022-7-5,NSE-Q,115740858,,-8102.09-25.87,551,F,LIN_CNT2,"|2897992163|"
\IRFORE,2022-7-6,NSE-Q,115740858,,-8029.43-26.00,552,F,LIN_CNT2,"|2885515700|"
\IRFORE,2022-7-7,NSE-Q,115740858,,-7957.09-26.12,553,F,LIN_CNT2,"|2873039236|"
\IRFORE,2022-7-8,NSE-Q,115740858,,-8029.43-26.00,554,F,LIN_CNT2,"|2885515700|"
\IRFORE,2022-7-9,NSE-Q,115740858,,-8102.09-25.87,555,F,LIN_CNT2,"|2897992163|"
\IRFORE,2022-7-10,NSE-Q,115740858,,-8175.07-25.75,556,F,LIN_CNT2,"|2910468626|"
\IRFORE,2022-7-11,NSE-Q,115740858,,-8102.09-25.87,557,F,LIN_CNT2,"|2897992163|"
\IRFORE,2022-7-12,NSE-Q,115740858,,-8175.07-25.75,558,F,LIN_CNT2,"|2910468626|"
\IRFORE,2022-7-13,NSE-Q,115740858,,-8248.39-25.64,559,F,LIN_CNT2,"|2922945089|"
\IRFORE,2022-7-14,NSE-Q,115740858,,-8322.03-25.52,560,F,LIN_CNT2,"|2935421553|"
\IRFORE,2022-7-15,NSE-Q,115740858,,-8248.39-25.64,561,F,LIN_CNT2,"|2922945089|"
\IRFORE,2022-7-16,NSE-Q,115740858,,-8175.07-25.75,562,F,LIN_CNT2,"|2910468626|"
\IRFORE,2022-7-17,NSE-Q,115740858,,-8102.09-25.87,563,F,LIN_CNT2,"|2897992163|"
\IRFORE,2022-7-18,NSE-Q,115740858,,-8175.07-25.75,564,F,LIN_CNT2,"|2910468626|"
\IRFORE,2022-7-19,NSE-Q,115740858,,-8248.39-25.64,565,F,LIN_CNT2,"|2922945089|"
\IRFORE,2022-7-20,NSE-Q,115740858,,-8175.07-25.75,566,F,LIN_CNT2,"|2910468626|"
\IRFORE,2022-7-21,NSE-Q,115740858,,-8102.09-25.87,567,F,LIN_CNT2,"|2897992163|"
\IRFORE,2022-7-22,NSE-Q,115740858,,-8175.07-25.75,568,F,LIN_CNT2,"|2910468626|"
\IRFORE,2022-7-23,NSE-Q,115740858,,-8102.09-25.87,569,F,LIN_CNT2,"|2897992163|"
\IRFORE,2022-7-24,NSE-Q,115740858,,-8175.07-25.75,570,F,LIN_CNT2,"|2910468626|"
\IRFORE,2022-7-25,NSE-Q,115740858,,-8248.39-25.64,571,F,LIN_CNT2,"|2922945089|"
\IRFORE,2022-7-26,NSE-Q,115740858,,-8322.03-25.52,572,F,LIN_CNT2,"|2935421553|"
\IRFORE,2022-7-27,NSE-Q,115740858,,-8396.00-25.40,573,F,LIN_CNT2,"|2947898016|"
\IRFORE,2022-7-28,NSE-Q,115740858,,-8470.29-25.28,574,F,LIN_CNT2,"|2960374479|"
\IRFORE,2022-7-29,NSE-Q,115740858,,-8396.00-25.40,575,F,LIN_CNT2,"|2947898016|"
\IRFORE,2022-7-30,NSE-Q,115740858,,-8470.29-25.28,576,F,LIN_CNT2,"|2960374479|"
\IRFORE,2022-7-31,NSE-Q,115740858,,-8544.91-25.17,577,F,LIN_CNT2,"|2972850942|"
\IRFORE,2022-8-1,NSE-Q,115740858,,-8470.29-25.28,578,F,LIN_CNT2,"|2960374479|"
\IRFORE,2022-8-2,NSE-Q,115740858,,-8544.91-25.17,579,F,LIN_CNT2,"|2972850942|"
\IRFORE,2022-8-3,NSE-Q,115740858,,-8619.86-25.06,580,F,LIN_CNT2,"|2985327406|"
\IRFORE,2022-8-4,NSE-Q,115740858,,-8544.91-25.17,581,F,LIN_CNT2,"|2972850942|"
\IRFORE,2022-8-5,NSE-Q,115740858,,-8619.86-25.06,582,F,LIN_CNT2,"|2985327406|"
\IRFORE,2022-8-6,NSE-Q,115740858,,-8544.91-25.17,583,F,LIN_CNT2,"|2972850942|"
\IRFORE,2022-8-7,NSE-Q,115740858,,-8470.29-25.28,584,F,LIN_CNT2,"|2960374479|"
\IRFORE,2022-8-8,NSE-Q,115740858,,-8544.91-25.17,585,F,LIN_CNT2,"|2972850942|"
\IRFORE,2022-8-9,NSE-Q,115740858,,-8619.86-25.06,586,F,LIN_CNT2,"|2985327406|"
\IRFORE,2022-8-10,NSE-Q,115740858,,-8695.13-24.94,587,F,LIN_CNT2,"|2997803869|"
\IRFORE,2022-8-11,NSE-Q,115740858,,-8770.73-24.83,588,F,LIN_CNT2,"|3010280332|"
\IRFORE,2022-8-12,NSE-Q,115740858,,-8846.66-24.72,589,F,LIN_CNT2,"|3022756795|"
\IRFORE,2022-8-13,NSE-Q,115740858,,-8922.92-24.61,590,F,LIN_CNT2,"|3035233259|"
\IRFORE,2022-8-14,NSE-Q,115740858,,-8846.66-24.72,591,F,LIN_CNT2,"|3022756795|"
\IRFORE,2022-8-15,NSE-Q,115740858,,-8770.73-24.83,592,F,LIN_CNT2,"|3010280332|"
\IRFORE,2022-8-16,NSE-Q,115740858,,-8695.13-24.94,593,F,LIN_CNT2,"|2997803869|"
\IRFORE,2022-8-17,NSE-Q,115740858,,-8619.86-25.06,594,F,LIN_CNT2,"|2985327406|"
\IRFORE,2022-8-18,NSE-Q,115740858,,-8695.13-24.94,595,F,LIN_CNT2,"|2997803869|"
\IRFORE,2022-8-19,NSE-Q,115740858,,-8770.73-24.83,596,F,LIN_CNT2,"|3010280332|"
\IRFORE,2022-8-20,NSE-Q,115740858,,-8695.13-24.94,597,F,LIN_CNT2,"|2997803869|"
\IRFORE,2022-8-21,NSE-Q,115740858,,-8770.73-24.83,598,F,LIN_CNT2,"|3010280332|"
\IRFORE,2022-8-22,NSE-Q,115740858,,-8695.13-24.94,599,F,LIN_CNT2,"|2997803869|"
\IRFORE,2022-8-23,NSE-Q,115740858,,-8770.73-24.83,600,F,LIN_CNT2,"|3010280332|"
\IRFORE,2022-8-24,NSE-Q,115740858,,-8846.66-24.72,601,F,LIN_CNT2,"|3022756795|"
\IRFORE,2022-8-25,NSE-Q,115740858,,-8922.92-24.61,602,F,LIN_CNT2,"|3035233259|"
\IRFORE,2022-8-26,NSE-Q,115740858,,-8999.50-24.50,603,F,LIN_CNT2,"|3047709722|"
\IRFORE,2022-8-27,NSE-Q,115740858,,-8922.92-24.61,604,F,LIN_CNT2,"|3035233259|"
\IRFORE,2022-8-28,NSE-Q,115740858,,-8999.50-24.50,605,F,LIN_CNT2,"|3047709722|"
\IRFORE,2022-8-29,NSE-Q,115740858,,-8922.92-24.61,606,F,LIN_CNT2,"|3035233259|"
\IRFORE,2022-8-30,NSE-Q,115740858,,-8999.50-24.50,607,F,LIN_CNT2,"|3047709722|"
\IRFORE,2022-8-31,NSE-Q,115740858,,-9076.40-24.39,608,F,LIN_CNT2,"|3060186185|"
\IRFORE,2022-9-1,NSE-Q,115740858,,-8999.50-24.50,609,F,LIN_CNT2,"|3047709722|"
\IRFORE,2022-9-2,NSE-Q,115740858,,-9076.40-24.39,610,F,LIN_CNT2,"|3060186185|"
\IRFORE,2022-9-3,NSE-Q,115740858,,-9153.64-24.28,611,F,LIN_CNT2,"|3072662648|"
\IRFORE,2022-9-4,NSE-Q,115740858,,-9231.20-24.18,612,F,LIN_CNT2,"|3085139112|"
\IRFORE,2022-9-5,NSE-Q,115740858,,-9309.09-24.07,613,F,LIN_CNT2,"|3097615575|"
\IRFORE,2022-9-6,NSE-Q,115740858,,-9387.30-23.97,614,F,LIN_CNT2,"|3110092038|"
\IRFORE,2022-9-7,NSE-Q,115740858,,-9465.84-23.86,615,F,LIN_CNT2,"|3122568501|"
\IRFORE,2022-9-8,NSE-Q,115740858,,-9544.71-23.76,616,F,LIN_CNT2,"|3135044965|"
\IRFORE,2022-9-9,NSE-Q,115740858,,-9623.91-23.66,617,F,LIN_CNT2,"|3147521428|"
\IRFORE,2022-9-10,NSE-Q,115740858,,-9703.43-23.56,618,F,LIN_CNT2,"|3159997891|"
\IRFORE,2022-9-11,NSE-Q,115740858,,-9623.91-23.66,619,F,LIN_CNT2,"|3147521428|"
\IRFORE,2022-9-12,NSE-Q,115740858,,-9703.43-23.56,620,F,LIN_CNT2,"|3159997891|"
\IRFORE,2022-9-13,NSE-Q,115740858,,-9783.28-23.46,621,F,LIN_CNT2,"|3172474354|"
\IRFORE,2022-9-14,NSE-Q,115740858,,-9863.45-23.36,622,F,LIN_CNT2,"|3184950818|"
\IRFORE,2022-9-15,NSE-Q,115740858,,-9783.28-23.46,623,F,LIN_CNT2,"|3172474354|"
\IRFORE,2022-9-16,NSE-Q,115740858,,-9863.45-23.36,624,F,LIN_CNT2,"|3184950818|"
\IRFORE,2022-9-17,NSE-Q,115740858,,-9783.28-23.46,625,F,LIN_CNT2,"|3172474354|"
\IRFORE,2022-9-18,NSE-Q,115740858,,-9863.45-23.36,626,F,LIN_CNT2,"|3184950818|"
\IRFORE,2022-9-19,NSE-Q,115740858,,-9943.95-23.26,627,F,LIN_CNT2,"|3197427281|"
\IRFORE,2022-9-20,NSE-Q,115740858,,-9863.45-23.36,628,F,LIN_CNT2,"|3184950818|"
\IRFORE,2022-9-21,NSE-Q,115740858,,-9783.28-23.46,629,F,LIN_CNT2,"|3172474354|"
\IRFORE,2022-9-22,NSE-Q,115740858,,-9863.45-23.36,630,F,LIN_CNT2,"|3184950818|"
\IRFORE,2022-9-23,NSE-Q,115740858,,-9943.95-23.26,631,F,LIN_CNT2,"|3197427281|"
\IRFORE,2022-9-24,NSE-Q,115740858,,-10024.78-23.16,632,F,LIN_CNT2,"|3209903744|"
\IRFORE,2022-9-25,NSE-Q,115740858,,-10105.94-23.07,633,F,LIN_CNT2,"|3222380207|"
\IRFORE,2022-9-26,NSE-Q,115740858,,-10187.42-22.97,634,F,LIN_CNT2,"|3234856671|"
\IRFORE,2022-9-27,NSE-Q,115740858,,-10269.23-22.88,635,F,LIN_CNT2,"|3247333134|"
\IRFORE,2022-9-28,NSE-Q,115740858,,-10187.42-22.97,636,F,LIN_CNT2,"|3234856671|"
\IRFORE,2022-9-29,NSE-Q,115740858,,-10105.94-23.07,637,F,LIN_CNT2,"|3222380207|"
\IRFORE,2022-9-30,NSE-Q,115740858,,-10187.42-22.97,638,F,LIN_CNT2,"|3234856671|"
\IRFORE,2022-10-1,NSE-Q,115740858,,-10269.23-22.88,639,F,LIN_CNT2,"|3247333134|"
\IRFORE,2022-10-2,NSE-Q,115740858,,-10351.36-22.78,640,F,LIN_CNT2,"|3259809597|"
\IRFORE,2022-10-3,NSE-Q,115740858,,-10433.82-22.69,641,F,LIN_CNT2,"|3272286060|"
\IRFORE,2022-10-4,NSE-Q,115740858,,-10351.36-22.78,642,F,LIN_CNT2,"|3259809597|"
\IRFORE,2022-10-5,NSE-Q,115740858,,-10269.23-22.88,643,F,LIN_CNT2,"|3247333134|"
\IRFORE,2022-10-6,NSE-Q,115740858,,-10351.36-22.78,644,F,LIN_CNT2,"|3259809597|"
\IRFORE,2022-10-7,NSE-Q,115740858,,-10433.82-22.69,645,F,LIN_CNT2,"|3272286060|"
\IRFORE,2022-10-8,NSE-Q,115740858,,-10516.61-22.60,646,F,LIN_CNT2,"|3284762524|"
\IRFORE,2022-10-9,NSE-Q,115740858,,-10599.73-22.50,647,F,LIN_CNT2,"|3297238987|"
\IRFORE,2022-10-10,NSE-Q,115740858,,-10683.17-22.41,648,F,LIN_CNT2,"|3309715450|"
\IRFORE,2022-10-11,NSE-Q,115740858,,-10599.73-22.50,649,F,LIN_CNT2,"|3297238987|"
\IRFORE,2022-10-12,NSE-Q,115740858,,-10683.17-22.41,650,F,LIN_CNT2,"|3309715450|"
\IRFORE,2022-10-13,NSE-Q,115740858,,-10766.94-22.32,651,F,LIN_CNT2,"|3322191913|"
\IRFORE,2022-10-14,NSE-Q,115740858,,-10683.17-22.41,652,F,LIN_CNT2,"|3309715450|"
\IRFORE,2022-10-15,NSE-Q,115740858,,-10766.94-22.32,653,F,LIN_CNT2,"|3322191913|"
\IRFORE,2022-10-16,NSE-Q,115740858,,-10683.17-22.41,654,F,LIN_CNT2,"|3309715450|"
\IRFORE,2022-10-17,NSE-Q,115740858,,-10599.73-22.50,655,F,LIN_CNT2,"|3297238987|"
\IRFORE,2022-10-18,NSE-Q,115740858,,-10516.61-22.60,656,F,LIN_CNT2,"|3284762524|"
\IRFORE,2022-10-19,NSE-Q,115740858,,-10599.73-22.50,657,F,LIN_CNT2,"|3297238987|"
\IRFORE,2022-10-20,NSE-Q,115740858,,-10683.17-22.41,658,F,LIN_CNT2,"|3309715450|"
\IRFORE,2022-10-21,NSE-Q,115740858,,-10766.94-22.32,659,F,LIN_CNT2,"|3322191913|"
\IRFORE,2022-10-22,NSE-Q,115740858,,-10683.17-22.41,660,F,LIN_CNT2,"|3309715450|"
\IRFORE,2022-10-23,NSE-Q,115740858,,-10766.94-22.32,661,F,LIN_CNT2,"|3322191913|"
\IRFORE,2022-10-24,NSE-Q,115740858,,-10683.17-22.41,662,F,LIN_CNT2,"|3309715450|"
\IRFORE,2022-10-25,NSE-Q,115740858,,-10766.94-22.32,663,F,LIN_CNT2,"|3322191913|"
\IRFORE,2022-10-26,NSE-Q,115740858,,-10683.17-22.41,664,F,LIN_CNT2,"|3309715450|"
\IRFORE,2022-10-27,NSE-Q,115740858,,-10766.94-22.32,665,F,LIN_CNT2,"|3322191913|"
\IRFORE,2022-10-28,NSE-Q,115740858,,-10851.03-22.23,666,F,LIN_CNT2,"|3334668377|"
\IRFORE,2022-10-29,NSE-Q,115740858,,-10935.45-22.14,667,F,LIN_CNT2,"|3347144840|"
\IRFORE,2022-10-30,NSE-Q,115740858,,-11020.20-22.05,668,F,LIN_CNT2,"|3359621303|"
\IRFORE,2022-10-31,NSE-Q,115740858,,-11105.28-21.97,669,F,LIN_CNT2,"|3372097766|"
\IRFORE,2022-11-1,NSE-Q,115740858,,-11190.68-21.88,670,F,LIN_CNT2,"|3384574230|"
\IRFORE,2022-11-2,NSE-Q,115740858,,-11276.41-21.79,671,F,LIN_CNT2,"|3397050693|"
\IRFORE,2022-11-3,NSE-Q,115740858,,-11362.46-21.71,672,F,LIN_CNT2,"|3409527156|"
\IRFORE,2022-11-4,NSE-Q,115740858,,-11276.41-21.79,673,F,LIN_CNT2,"|3397050693|"
\IRFORE,2022-11-5,NSE-Q,115740858,,-11190.68-21.88,674,F,LIN_CNT2,"|3384574230|"
\IRFORE,2022-11-6,NSE-Q,115740858,,-11276.41-21.79,675,F,LIN_CNT2,"|3397050693|"
\IRFORE,2022-11-7,NSE-Q,115740858,,-11190.68-21.88,676,F,LIN_CNT2,"|3384574230|"
\IRFORE,2022-11-8,NSE-Q,115740858,,-11276.41-21.79,677,F,LIN_CNT2,"|3397050693|"
\IRFORE,2022-11-9,NSE-Q,115740858,,-11190.68-21.88,678,F,LIN_CNT2,"|3384574230|"
\IRFORE,2022-11-10,NSE-Q,115740858,,-11276.41-21.79,679,F,LIN_CNT2,"|3397050693|"
\IRFORE,2022-11-11,NSE-Q,115740858,,-11190.68-21.88,680,F,LIN_CNT2,"|3384574230|"
\IRFORE,2022-11-12,NSE-Q,115740858,,-11276.41-21.79,681,F,LIN_CNT2,"|3397050693|"
\IRFORE,2022-11-13,NSE-Q,115740858,,-11362.46-21.71,682,F,LIN_CNT2,"|3409527156|"
\IRFORE,2022-11-14,NSE-Q,115740858,,-11448.85-21.62,683,F,LIN_CNT2,"|3422003619|"
\IRFORE,2022-11-15,NSE-Q,115740858,,-11535.56-21.54,684,F,LIN_CNT2,"|3434480083|"
\IRFORE,2022-11-16,NSE-Q,115740858,,-11622.59-21.45,685,F,LIN_CNT2,"|3446956546|"
\IRFORE,2022-11-17,NSE-Q,115740858,,-11535.56-21.54,686,F,LIN_CNT2,"|3434480083|"
\IRFORE,2022-11-18,NSE-Q,115740858,,-11448.85-21.62,687,F,LIN_CNT2,"|3422003619|"
\IRFORE,2022-11-19,NSE-Q,115740858,,-11362.46-21.71,688,F,LIN_CNT2,"|3409527156|"
\IRFORE,2022-11-20,NSE-Q,115740858,,-11448.85-21.62,689,F,LIN_CNT2,"|3422003619|"
\IRFORE,2022-11-21,NSE-Q,115740858,,-11535.56-21.54,690,F,LIN_CNT2,"|3434480083|"
\IRFORE,2022-11-22,NSE-Q,115740858,,-11448.85-21.62,691,F,LIN_CNT2,"|3422003619|"
\IRFORE,2022-11-23,NSE-Q,115740858,,-11535.56-21.54,692,F,LIN_CNT2,"|3434480083|"
\IRFORE,2022-11-24,NSE-Q,115740858,,-11622.59-21.45,693,F,LIN_CNT2,"|3446956546|"
\IRFORE,2022-11-25,NSE-Q,115740858,,-11709.95-21.37,694,F,LIN_CNT2,"|3459433009|"
\IRFORE,2022-11-26,NSE-Q,115740858,,-11622.59-21.45,695,F,LIN_CNT2,"|3446956546|"
\IRFORE,2022-11-27,NSE-Q,115740858,,-11709.95-21.37,696,F,LIN_CNT2,"|3459433009|"
\IRFORE,2022-11-28,NSE-Q,115740858,,-11797.64-21.29,697,F,LIN_CNT2,"|3471909472|"
\IRFORE,2022-11-29,NSE-Q,115740858,,-11885.66-21.21,698,F,LIN_CNT2,"|3484385936|"
\IRFORE,2022-11-30,NSE-Q,115740858,,-11974.00-21.13,699,F,LIN_CNT2,"|3496862399|"
\IRFORE,2022-12-1,NSE-Q,115740858,,-11885.66-21.21,700,F,LIN_CNT2,"|3484385936|"
\IRFORE,2022-12-2,NSE-Q,115740858,,-11974.00-21.13,701,F,LIN_CNT2,"|3496862399|"
\IRFORE,2022-12-3,NSE-Q,115740858,,-12062.67-21.05,702,F,LIN_CNT2,"|3509338862|"
\IRFORE,2022-12-4,NSE-Q,115740858,,-12151.67-20.97,703,F,LIN_CNT2,"|3521815325|"
\IRFORE,2022-12-5,NSE-Q,115740858,,-12240.99-20.89,704,F,LIN_CNT2,"|3534291789|"
\IRFORE,2022-12-6,NSE-Q,115740858,,-12330.64-20.81,705,F,LIN_CNT2,"|3546768252|"
\IRFORE,2022-12-7,NSE-Q,115740858,,-12420.61-20.73,706,F,LIN_CNT2,"|3559244715|"
\IRFORE,2022-12-8,NSE-Q,115740858,,-12510.92-20.65,707,F,LIN_CNT2,"|3571721178|"
\IRFORE,2022-12-9,NSE-Q,115740858,,-12601.55-20.58,708,F,LIN_CNT2,"|3584197642|"
\IRFORE,2022-12-10,NSE-Q,115740858,,-12692.50-20.50,709,F,LIN_CNT2,"|3596674105|"
\IRFORE,2022-12-11,NSE-Q,115740858,,-12783.78-20.42,710,F,LIN_CNT2,"|3609150568|"
\IRFORE,2022-12-12,NSE-Q,115740858,,-12875.39-20.35,711,F,LIN_CNT2,"|3621627031|"
\IRFORE,2022-12-13,NSE-Q,115740858,,-12967.33-20.27,712,F,LIN_CNT2,"|3634103495|"
\IRFORE,2022-12-14,NSE-Q,115740858,,-13059.59-20.20,713,F,LIN_CNT2,"|3646579958|"
\IRFORE,2022-12-15,NSE-Q,115740858,,-13152.18-20.13,714,F,LIN_CNT2,"|3659056421|"
\IRFORE,2022-12-16,NSE-Q,115740858,,-13245.10-20.05,715,F,LIN_CNT2,"|3671532884|"
\IRFORE,2022-12-17,NSE-Q,115740858,,-13338.34-19.98,716,F,LIN_CNT2,"|3684009348|"
\IRFORE,2022-12-18,NSE-Q,115740858,,-13245.10-20.05,717,F,LIN_CNT2,"|3671532884|"
\IRFORE,2022-12-19,NSE-Q,115740858,,-13338.34-19.98,718,F,LIN_CNT2,"|3684009348|"
\IRFORE,2022-12-20,NSE-Q,115740858,,-13431.91-19.91,719,F,LIN_CNT2,"|3696485811|"
\IRFORE,2022-12-21,NSE-Q,115740858,,-13525.81-19.84,720,F,LIN_CNT2,"|3708962274|"
\IRFORE,2022-12-22,NSE-Q,115740858,,-13620.03-19.77,721,F,LIN_CNT2,"|3721438737|"
\IRFORE,2022-12-23,NSE-Q,115740858,,-13714.58-19.70,722,F,LIN_CNT2,"|3733915201|"
\IRFORE,2022-12-24,NSE-Q,115740858,,-13620.03-19.77,723,F,LIN_CNT2,"|3721438737|"
\IRFORE,2022-12-25,NSE-Q,115740858,,-13714.58-19.70,724,F,LIN_CNT2,"|3733915201|"
\IRFORE,2022-12-26,NSE-Q,115740858,,-13620.03-19.77,725,F,LIN_CNT2,"|3721438737|"
\IRFORE,2022-12-27,NSE-Q,115740858,,-13714.58-19.70,726,F,LIN_CNT2,"|3733915201|"
\IRFORE,2022-12-28,NSE-Q,115740858,,-13809.46-19.63,727,F,LIN_CNT2,"|3746391664|"
\IRFORE,2022-12-29,NSE-Q,115740858,,-13904.66-19.56,728,F,LIN_CNT2,"|3758868127|"
\IRFORE,2022-12-30,NSE-Q,115740858,,-14000.19-19.49,729,F,LIN_CNT2,"|3771344590|"
\IRFORE,2022-12-31,NSE-Q,115740858,,-13904.66-19.56,730,F,LIN_CNT2,"|3758868127|"

